,Unnamed: 0,First Name,Last Name,Title,School,School URL,School URL short,id
0,0,Vera,Korzun,,Akron,https://www.uakron.edu/,uakron,6298
1,1,Dan,Brean,,Akron,https://www.uakron.edu/,uakron,2437
2,2,Camilla,Hrdy,,Akron,https://www.uakron.edu/,uakron,5811
3,3,Elizabeth,Knowles,,Akron,https://www.uakron.edu/,uakron,9429
4,4,Benjamin J.,McMichael,,Alabama,https://www.ua.edu/,ua,570
5,5,Deepa,Das Acevedo,,Alabama,https://www.ua.edu/,ua,9614
6,6,Meghan,Boone,,Alabama,https://www.ua.edu/,ua,9149
7,7,Casey E.,Faucon,,Alabama,https://www.ua.edu/,ua,3632
8,8,Yonathan,Arbel,,Alabama,https://www.ua.edu/,ua,7083
9,9,Courtney,Cross,,Alabama,https://www.ua.edu/,ua,7364
10,10,Allyson,Gold,,Alabama,https://www.ua.edu/,ua,6447
11,11,Stephen,Rushin,,Alabama,https://www.ua.edu/,ua,2557
12,12,Ted,De Barbieri,,Albany,https://www.albany.edu/,albany,8027
13,13,Jessica,Eisen,,Alberta,https://www.ualberta.ca/,ualberta,5713
14,14,Rebecca,Hamilton,,American (Wash Coll of Law),https://www.wcl.american.edu/,wcl.american,7572
15,15,Anita,Sinha,,American (Wash Coll of Law),https://www.wcl.american.edu/,wcl.american,3937
16,16,Tammi,Walker,,Arizona,https://www.arizona.edu/,arizona,9456
17,17,Jason,Kreag,,Arizona,https://www.arizona.edu/,arizona,659
18,18,Sergio,Puig,,Arizona,https://www.arizona.edu/,arizona,3199
19,19,Justin,Weinstein-Tull,,Arizona State,https://www.asu.edu/,asu,665
20,20,Trevor,Reed,,Arizona State,https://www.asu.edu/,asu,9359
21,21,Bijal,Shah,,Arizona State,https://www.asu.edu/,asu,367
22,22,Laura Napoli,Coordes,,Arizona State,https://www.asu.edu/,asu,1616
23,23,Erin,Scharff,,Arizona State,https://www.asu.edu/,asu,1324
24,24,Kaiponanea,Matsumura,,Arizona State,https://www.asu.edu/,asu,1418
25,25,Beth,Zilberman,,Arkansas,https://www.uark.edu/,uark,1142
26,26,Alan,Trammell,,Arkansas-Fayetteville,https://www.uark.edu/,uark,3735
27,27,Jordan,Woods,,Arkansas-Fayetteville,https://www.uark.edu/,uark,5960
28,28,Sara,Gosman,,Arkansas-Fayetteville,https://www.uark.edu/,uark,707
29,29,Mattiangai,Sirleaf,,Baltimore,www.ubalt.edu/,ubalt,8113
30,30,Natalie,Ram,,Baltimore,www.ubalt.edu/,ubalt,5195
31,31,Nadia,Ahmad,,Barry,https://www.barry.edu/,barry,2974
32,32,Nancy,Cantalupo,,Barry,https://www.barry.edu/,barry,6719
33,33,Benjamin,Edwards,,Barry,https://www.barry.edu/,barry,3435
34,34,Denitsa Mavrova,Heinrich,,Barry,https://www.barry.edu/,barry,6326
35,35,Khaled,Beydoun,,Barry,https://www.barry.edu/,barry,9081
36,36,Michael,Morley,,Barry,https://www.barry.edu/,barry,9533
37,37,Abbye,Atkinson,,Berkeley,https://www.berkeley.edu/,berkeley,1506
38,38,Joy,Milligan,,Berkeley,https://www.berkeley.edu/,berkeley,4887
39,39,Tejas,Narechania,,Berkeley,https://www.berkeley.edu/,berkeley,445
40,40,Catherine,Crump,,Berkeley,https://www.berkeley.edu/,berkeley,2418
41,41,Hiba,Hafiz,,Boston College,https://www.bc.edu/,bc,6043
42,42,Daniel,Farbman,,Boston College,https://www.bc.edu/,bc,8987
43,43,Maureen,Van Neste,,Boston College,https://www.bc.edu/,bc,90
44,44,Jeffrey,Cohen,,Boston College,https://www.bc.edu/,bc,5608
45,45,Ryan,Williams,,Boston College,https://www.bc.edu/,bc,3476
46,46,Natalya,Shnitser,,Boston College,https://www.bc.edu/,bc,7580
47,47,Portia,Pedro,,Boston University,https://www.bu.edu/,bu,9465
48,48,Scott,Hirst,,Boston University,https://www.bu.edu/,bu,3675
49,49,Ahmed,Ghappour,,Boston University,https://www.bu.edu/,bu,474
50,50,Rory,Van Loo,,Boston University,https://www.bu.edu/,bu,9011
51,51,Rebecca,Ingber,,Boston University,https://www.bu.edu/,bu,2657
52,52,Christina,Skinner,,Brooklyn,https://www.bu.edu/,bu,2109
53,53,Julian,Arato,,Brooklyn,https://www.bu.edu/,bu,2584
54,54,K. Sabeel,Rahman,,Brooklyn,https://www.bu.edu/,bu,396
55,55,Jocelyn,Simonson,,Brooklyn,https://www.bu.edu/,bu,7350
56,56,Charisa Kiyo,Smith,,Brooklyn College Sociology,www.brooklyn.cuny.edu › ... › Departments › Sociology,brooklyn.cuny,8879
57,57,Nicole,Hallett,,Buffalo,www.buffalo.edu/,buffalo,2849
58,58,Jonathan,Manes,,Buffalo,www.buffalo.edu/,buffalo,9450
59,59,Stephanie,Barclay,,BYU,https://www.byu.edu/,byu,9905
60,60,William,Clayton,,BYU,https://www.byu.edu/,byu,2664
61,61,Gladriel,Shobe,,BYU,https://www.byu.edu/,byu,5891
62,62,Jarrod,Shobe,,BYU,https://www.byu.edu/,byu,120
63,63,Stephanie,Bair,,BYU,https://www.byu.edu/,byu,6491
64,64,Clark,Asay,,BYU,https://www.byu.edu/,byu,4257
65,65,Tabrez,Ebrahim,,Cal Western,https://www.lostcolleges.com/california-western-university,lostcolleges.com/california-western-university,5910
66,66,I. India,Thusi,,Cal Western,https://www.lostcolleges.com/california-western-university,lostcolleges.com/california-western-university,580
67,67,Hannah,Brenner,,Cal Western,https://www.lostcolleges.com/california-western-university,lostcolleges.com/california-western-university,4300
68,68,Erin,Sheley,,Calgary,https://www.ucalgary.ca/,ucalgary,8801
69,69,Pooja R.,Dadhania,,California Western,https://www.lostcolleges.com/california-western-university,lostcolleges.com/california-western-university,3538
70,70,Catherine,Hardee,,California Western,https://www.lostcolleges.com/california-western-university,lostcolleges.com/california-western-university,3846
71,71,Greg,Reilly,,California Western,https://www.lostcolleges.com/california-western-university,lostcolleges.com/california-western-university,5678
72,72,Shawn,Fields,,Campbell,https://www.campbell.edu/,campbell,3185
73,73,Jocelyn Getgen,Kestenbaum,,Cardozo,https://cardozo.yu.edu/,cardozo.yu,4404
74,74,Michael,Pollack,,Cardozo,https://cardozo.yu.edu/,cardozo.yu,6459
75,75,Samuel,Weinstein,,Cardozo,https://cardozo.yu.edu/,cardozo.yu,6390
76,76,Claudia,Flores,,Chicago,https://www.uchicago.edu/,uchicago,5003
77,77,Daniel,Hemel,,Chicago,https://www.uchicago.edu/,uchicago,5336
78,78,Genevieve,Lakier,,Chicago,https://www.uchicago.edu/,uchicago,9382
79,79,John,Rappaport,,Chicago,https://www.uchicago.edu/,uchicago,7746
80,80,Adam,Chilton,,Chicago,https://www.uchicago.edu/,uchicago,9228
81,81,William,Partlett,,Chinese U of Hong Kong,www.cuhk.edu.hk/,cuhk,1244
82,82,Rehan,Abeyratne,,Chinese University of Hong Kong,www.cuhk.edu.hk/,cuhk,9632
83,83,Craig,Konnoth,,Colorado,https://www.colorado.edu/,colorado,3537
84,84,Benjamin,Levin,,Colorado,https://www.colorado.edu/,colorado,6030
85,85,Scott,Skinner-Thompson,,Colorado,https://www.colorado.edu/,colorado,247
86,86,Sloan,Speck,,Colorado,https://www.colorado.edu/,colorado,8637
87,87,Kristelia,Garcia,,Colorado,https://www.colorado.edu/,colorado,4393
88,88,Sharon,Jacobs,,Colorado,https://www.colorado.edu/,colorado,7632
89,89,Maeve,Glass,,Columbia,https://www.columbia.edu/,columbia,2517
90,90,Kellen,Funk,,Columbia,https://www.columbia.edu/,columbia,4146
91,91,Joshua,Mitts,,Columbia,https://www.columbia.edu/,columbia,8092
92,92,Kristen,Underhill,,Columbia,https://www.columbia.edu/,columbia,8166
93,93,Jeremy,Kessler,,Columbia,https://www.columbia.edu/,columbia,8834
94,94,Summer,Chandler,,Concordia,https://www.csp.edu/,csp,1438
95,95,Ryan,Stoa,,Concordia,https://www.csp.edu/,csp,2398
96,96,Latonia,Keith,,Concordia,https://www.csp.edu/,csp,1056
97,97,Jason,Dykstra,,Concordia,https://www.csp.edu/,csp,3729
98,98,Jessica,Berch,,Concordia,https://www.csp.edu/,csp,3842
99,99,Jamelia,Morgan,,Connecticut,https://uconn.edu/,uconn,3180
100,100,Kiel,Brennan-Marquez,,Connecticut,https://uconn.edu/,uconn,6636
101,101,Jeremy,McClane,,Connecticut,https://uconn.edu/,uconn,2065
102,102,Miguel de,Figueiredo,,Connecticut,https://uconn.edu/,uconn,627
103,103,Rachel,Goldberg,,Cornell,https://www.cornell.edu/,cornell,4041
104,104,Emad Hanzala,Atiq,,Cornell,https://www.cornell.edu/,cornell,842
105,105,Maggie,Gardner,,Cornell,https://www.cornell.edu/,cornell,390
106,106,Zachary,Clopton,,Cornell,https://www.cornell.edu/,cornell,4312
107,107,Elizabeth,Brundige,,Cornell,https://www.cornell.edu/,cornell,7438
108,108,Jed,Stiglitz,,Cornell,https://www.cornell.edu/,cornell,1427
109,109,Charisa,Smith,,CUNY,https://www2.cuny.edu/,cuny,5927
110,110,Menesh,Patel,,Davis,https://www.ucdavis.edu/,ucdavis,7789
111,111,Shayak,Sarkar,,Davis,https://www.ucdavis.edu/,ucdavis,9689
112,112,James,Dillon,,Dayton,https://udayton.edu/,udayton,2976
113,113,Shiri,Krebs,,Deakin,https://www.deakin.edu.au/,deakin,7322
114,114,Govind,Persad,,Denver,https://www.du.edu/,du,2680
115,115,Wyatt,Sassman,,Denver,https://www.du.edu/,du,9271
116,116,Erin,Archerd,,Detroit Mercy,https://www.udmercy.edu/,udmercy,4889
117,117,Hannah,Bloch-Wehba,,Drexel,https://drexel.edu/,drexel,2136
118,118,Ben,Grunwald,,Duke,https://www.duke.edu/,duke,2681
119,119,Ofer,Eldar,,Duke,https://www.duke.edu/,duke,2411
120,120,Taisu,Zhang,,Duke,https://www.duke.edu/,duke,7940
121,121,Richard,Heppner,,Duquesne,https://www.duq.edu/,duq,5715
122,122,Pablo,Echeverri,,Duquesne,https://www.duq.edu/,duq,2278
123,123,Seth,Orangburg,,Duquesne,https://www.duq.edu/,duq,1650
124,124,George,Georgiev,,Emory,www.emory.edu/home/index.html,emory,2339
125,125,Kamina,Pinder,,Emory,www.emory.edu/home/index.html,emory,5563
126,126,Merritt,McAlister,,Florida,www.ufl.edu/,ufl,6461
127,127,Stephanie,Bornstein,,Florida,www.ufl.edu/,ufl,2360
128,128,Sarah,Swan,,Florida State,https://www.fsu.edu/,fsu,7997
129,129,Lauren Henry,Scholz,,Florida State,https://www.fsu.edu/,fsu,8742
130,130,Avlana,Eisenberg,,Florida State,https://www.fsu.edu/,fsu,2078
131,131,Justin,Sevier,,Florida State,https://www.fsu.edu/,fsu,158
132,132,Janet,Freilich,,Fordham,https://www.fordham.edu/,fordham,9843
133,133,Robert,Leider,,George Mason,https://www2.gmu.edu/,gmu,2461
134,134,Caroline,Cecot,,George Mason,https://www2.gmu.edu/,gmu,2764
135,135,Jennifer,Mascott,,George Mason,https://www2.gmu.edu/,gmu,2432
136,136,Paolo,Saguato,,George Mason,https://www2.gmu.edu/,gmu,5052
137,137,Megan,Stevenson,,George Mason,https://www2.gmu.edu/,gmu,9573
138,138,Amanda,Levendowski,,Georgetown,https://www.georgetown.edu/,georgetown,6022
139,139,Kevin,Arlyck,,Georgetown,https://www.georgetown.edu/,georgetown,5455
140,140,Shon,Hopwood,,Georgetown,https://www.georgetown.edu/,georgetown,6777
141,141,Sherally,Munshi,,Georgetown,https://www.georgetown.edu/,georgetown,4227
142,142,Neel,Sukhatme,,Georgetown,https://www.georgetown.edu/,georgetown,3940
143,143,Yvonne,Tew,,Georgetown,https://www.georgetown.edu/,georgetown,1592
144,144,Jamillah Bowman,Williams,,Georgetown,https://www.georgetown.edu/,georgetown,698
145,145,Anne,Fleming,,Georgetown,https://www.georgetown.edu/,georgetown,6336
146,146,Lindsey,Simon,,Georgia,https://www.uga.edu/,uga,9162
147,147,Sandra,Mayson,,Georgia,https://www.uga.edu/,uga,1930
148,148,Patti,Zettler,,Georgia State,https://www.gsu.edu/,gsu,9221
149,149,Kate,Weisburd,,GW,https://www.gwu.edu/,gwu,3686
150,150,Dmitry,Karshtedt,,GW,https://www.gwu.edu/,gwu,4143
151,151,Nikolas,Bowie,,Harvard,https://www.harvard.edu/,harvard,7291
152,152,Anna,Lvovsky,,Harvard,https://www.harvard.edu/,harvard,8981
153,153,Elizabeth Papp,Kamali,,Harvard,https://www.harvard.edu/,harvard,4126
154,154,Daphna,Renan,,Harvard,https://www.harvard.edu/,harvard,6523
155,155,Christopher,Bavitz,,Harvard,https://www.harvard.edu/,harvard,9203
156,156,Crystal,Yang,,Harvard,https://www.harvard.edu/,harvard,3736
157,157,Jonathan,Darrow,,Harvard Medical School,https://hms.harvard.edu/,hms.harvard,676
158,158,Emily,Murphy,,Hastings,https://www.hastings.edu/,hastings,3473
159,159,Manoj,Viswanathan,,Hastings,https://www.hastings.edu/,hastings,6914
160,160,Veena,Dubal,,Hastings,https://www.hastings.edu/,hastings,3963
161,161,Zachary,Price,,Hastings,https://www.hastings.edu/,hastings,9254
162,162,Charles,Colman,,Hawaii,https://www.hawaii.edu/,hawaii,7670
163,163,Adi,Leibovich,,Hebrew,https://new.huji.ac.il/en,new.huji,5639
164,164,Leora Dahan,Katz,,Hebrew University,https://overseas.huji.ac.il/,overseas.huji,739
165,165,Matthew A.,Shapiro,,Hofstra,https://www.hofstra.edu/,hofstra,4503
166,166,Brenner,Fissell,,Hofstra,https://www.hofstra.edu/,hofstra,1179
167,167,Ryan,Whalen,,Hong Kong,https://www.hku.hk/,hku,4953
168,168,Andrew C.,Michaels,,Houston,www.uh.edu/,uh,4053
169,169,James,Nelson,,Houston,www.uh.edu/,uh,5582
170,170,Emily,Berman,,Houston,www.uh.edu/,uh,1582
171,171,Darin,Johnson,,Howard,https://home.howard.edu/,home.howard,5748
172,172,Myrisha,Lewis,,Howard,https://home.howard.edu/,home.howard,8167
173,173,Matthew,Bruckner,,Howard,https://home.howard.edu/,home.howard,1964
174,174,Samuel P.,Newton,,Idaho,https://www.uidaho.edu/,uidaho,5866
175,175,Katherine,Evans,,Idaho,https://www.uidaho.edu/,uidaho,4216
176,176,Katherine,Macfarlane,,Idaho,https://www.uidaho.edu/,uidaho,7483
177,177,David,Pimentel,,Idaho,https://www.uidaho.edu/,uidaho,8915
178,178,Aliza,Cover,,Idaho,https://www.uidaho.edu/,uidaho,584
179,179,Yulanda,Curtis,,Illinois,https://illinois.edu/,illinois,9308
180,180,Michelle,Layser,,Illinois,https://illinois.edu/,illinois,6290
181,181,Ian,Samuel,,Indiana (Bloomington),https://www.indiana.edu/,indiana,6617
182,182,Jessica,Eaglin,,Indiana (Bloomington),https://www.indiana.edu/,indiana,6299
183,183,Todd,Haugh,,Indiana Kelley Sch of Bus,https://kelley.iu.edu/,kelley.iu,7290
184,184,Brian,Owsley,,Indiana Tech,https://www.indianatech.edu/,indianatech,1688
185,185,Gina-Gail S.,Fletcher,,Indiana-Bloomington,https://www.indiana.edu/,indiana,6010
186,186,Pamela,Foohey,,Indiana-Bloomington,https://www.indiana.edu/,indiana,437
187,187,Alison,Guernsey,,Iowa,https://uiowa.edu/,uiowa,8274
188,188,Daria Fisher,Page,,Iowa,https://uiowa.edu/,uiowa,1796
189,189,Anya,Prince,,Iowa,https://uiowa.edu/,uiowa,3058
190,190,Gregory,Shill,,Iowa,https://uiowa.edu/,uiowa,5621
191,191,Sean,Sullivan,,Iowa,https://uiowa.edu/,uiowa,7362
192,192,Cristina Carmody,Tilley,,Iowa,https://uiowa.edu/,uiowa,9387
193,193,Mihailis,Diamantis,,Iowa,https://uiowa.edu/,uiowa,9440
194,194,Bram T.B.,Elias,,Iowa,https://uiowa.edu/,uiowa,7263
195,195,Sarah,Seo,,Iowa,https://uiowa.edu/,uiowa,5854
196,196,Matthew,Turk,,Kelley School (Indiana),https://kelley.iu.edu/,kelley.iu,3289
197,197,Christopher,Bradley,,Kentucky,www.uky.edu/,uky,827
198,198,Albertina,Antognini,,Kentucky,www.uky.edu/,uky,8901
199,199,Andrew K.,Woods,,Kentucky,www.uky.edu/,uky,3586
200,200,John,Acevedo,,LaVerne,https://laverne.edu/,laverne,5364
201,201,Ezra,Goldschlager,,LaVerne,https://laverne.edu/,laverne,5843
202,202,WC,Bunting,,"Legal Stud. Dept, Fox Bus. Sch., Temple",https://www.fox.temple.edu/departments/legal-studies-in-business/,fox.temple,7240
203,203,Paul,MacMahon,,London School of Economics,www.lse.ac.uk/,lse,2482
204,204,Goldburn P.,Maynard,,Louisville,louisville.edu/,lse,8707
205,205,Justin,Walker,,Louisville,louisville.edu/,lse,6876
206,206,Kate,Mitchell,,Loyola-Chicago,https://www.luc.edu/,luc,3795
207,207,Nicholas,Bryner,,LSU,https://www.lsu.edu/,lsu,1206
208,208,Madalyn,Wasilczuk,,LSU,https://www.lsu.edu/,lsu,7540
209,209,Raff,Donelson,,LSU,https://www.lsu.edu/,lsu,9240
210,210,Lecia,Vicente,,LSU,https://www.lsu.edu/,lsu,1755
211,211,Thea,Johnson,,Maine,https://umaine.edu/,umaine,734
212,212,Richard,Chen,,Maine,https://umaine.edu/,umaine,9412
213,213,Jill,Goldenziel,,Marine Corps University,https://www.usmcu.edu/,usmcu,2325
214,214,Alex,Lemann,,Marquette,https://www.marquette.edu/,marquette,9879
215,215,Jodie,Kirshner,,Marron Institute (NYU),https://marroninstitute.nyu.edu/,marroninstitute.nyu,4994
216,216,William J.,Moon,,Maryland,https://www.umd.edu/,umd,5635
217,217,Dustin,Marlan,,Massachusetts,https://www.massachusetts.edu/,massachusetts,757
218,218,Emily Whelan,Parento,,McGeorge,https://www.mcgeorge.edu/,mcgeorge,6792
219,219,John,Newman,,Memphis,https://www.memphis.edu/,memphis,9612
220,220,Andrew,Elmore,,Miami,miamioh.edu/,memphis,9808
221,221,Kathleen,Claussen,,Miami,miamioh.edu/,memphis,6153
222,222,Edward,Fox,,Michigan,https://umich.edu/,umich,6337
223,223,Maureen,Carroll,,Michigan,https://umich.edu/,umich,4326
224,224,Gabriel,Rauterberg,,Michigan,https://umich.edu/,umich,9305
225,225,Carla,Reyes,,Michigan State,https://msu.edu/,msu,5592
226,226,David,Blankfein-Tabachnick,,MIchigan State,https://msu.edu/,msu,2745
227,227,Cliff,Johnson,,Mississippi,https://en.wikipedia.org/wiki/University_of_Mississippi,en.wikipedia.org/wiki/University_of_Mississippi,5204
228,228,Randall K.,Johnson,,Mississippi College,https://www.mc.edu/,mc,2800
229,229,Brook,Gotberg,,Missouri,https://missouri.edu/,missouri,4939
230,230,Erika,Lietzan,,Missouri,https://missouri.edu/,missouri,3553
231,231,Brandon,Weiss,,Missouri - Kansas City,https://www.umkc.edu/,umkc,4138
232,232,Meredith,Edelman,,Monash Business School,https://www.monash.edu/business,monash,6277
233,233,Cathay Y.N.,Smith,,Montana,https://www.umt.edu/,umt,3564
234,234,Ryan,Sullivan,,Nebraska,https://www.unl.edu/,unl,8686
235,235,Maggie,Wittlin,,Nebraska,https://www.unl.edu/,unl,9990
236,236,Alexandra,Roberts,,New Hampshire,https://www.snhu.edu/,snhu,6771
237,237,Nicholson,Price,,New Hampshire,https://www.snhu.edu/,snhu,9425
238,238,Roger,Ford,,New Hampshire,https://www.snhu.edu/,snhu,9129
239,239,Mary,Pareja,,New Mexico,https://www.unm.edu/,unm,303
240,240,Ari Ezra,Waldman,,New York Law,https://www.law.nyu.edu/,law.nyu,1916
241,241,Jake,Sherkow,,New York Law,https://www.law.nyu.edu/,law.nyu,8659
242,242,Kevin,Sobel-Read,,Newcastle (Australia),https://www.newcastle.edu.au/,newcastle,8193
243,243,Kate Soblosky,Elengold,,North Carolina,https://www.unc.edu/,unc,1794
244,244,Eisha,Jain,,North Carolina,https://www.unc.edu/,unc,6323
245,245,Bradford,Short,,North South U (Bangladesh),www.northsouth.edu/,northsouth,5831
246,246,Claudia,Haupt,,Northeastern,https://www.northeastern.edu/,northeastern,9208
247,247,Carliss,Chatman,,Northern Illinois,https://www.niu.edu/,niu,6463
248,248,Sarah,Fox,,Northern Illinois,https://www.niu.edu/,niu,3943
249,249,Maybell,Romero,,Northern Illinois,https://www.niu.edu/,niu,1978
250,250,Dan,McConkie,,Northern Illinois,https://www.niu.edu/,niu,3331
251,251,Matthew,Tokson,,Northern Kentucky,https://www.nku.edu/,nku,3840
252,252,Matthew,Kugler,,Northwestern,https://www.northwestern.edu/,northwestern,9715
253,253,Sarath,Sanga,,Northwestern,https://www.northwestern.edu/,northwestern,2671
254,254,Candice,Player,,Northwestern,https://www.northwestern.edu/,northwestern,8036
255,255,Destiny,Peery,,Northwestern,https://www.northwestern.edu/,northwestern,3581
256,256,Christian,Burset,,Notre Dame,https://www.nd.edu/,nd,5898
257,257,Sadie,Blanchard,,Notre Dame,https://www.nd.edu/,nd,7806
258,258,Marah Stith,McLeod,,Notre Dame,https://www.nd.edu/,nd,8068
259,259,Veronica,Root,,Notre Dame,https://www.nd.edu/,nd,9916
260,260,Emiliano Marambio,Catan,,NYU,https://www.nyu.edu/,nyu,4090
261,261,Dallan,Flake,,Ohio Northern,https://www.onu.edu/,onu,5048
262,262,Erica,Goldberg,,Ohio Northern,https://www.onu.edu/,onu,996
263,263,Karen,Hall,,Ohio Northern,https://www.onu.edu/,onu,8886
264,264,Karen,Powell,,Ohio Northern,https://www.onu.edu/,onu,17
265,265,Courtlyn,Roser-Jones,,Ohio State,https://www.osu.edu/,osu,808
266,266,Matthew,Birkhold,,Ohio State,https://www.osu.edu/,osu,8470
267,267,Bryan,Choi,,Ohio State,https://www.osu.edu/,osu,2631
268,268,Ari,Glogower,,Ohio State,https://www.osu.edu/,osu,5088
269,269,Mohamed,Helal,,Ohio State,https://www.osu.edu/,osu,1213
270,270,Amna,Akbar,,Ohio State,https://www.osu.edu/,osu,3265
271,271,Margot E.,Kaminski,,Ohio State,https://www.osu.edu/,osu,4464
272,272,Roger,Michalski,,Oklahoma,www.ou.edu/,ou,4217
273,273,Melissa,Mortazavi,,Oklahoma,www.ou.edu/,ou,3768
274,274,Joshua,Sellers,,Oklahoma,www.ou.edu/,ou,9500
275,275,Kristen,Bell,,Oregon,https://www.uoregon.edu/,uoregon,5304
276,276,Jonathan,Brown,,Pace,https://www.pace.edu/,pace,9609
277,277,Margot,Pollans,,Pace,https://www.pace.edu/,pace,6709
278,278,Maggie,McKinley,,Penn,https://www.upenn.edu/,upenn,9408
279,279,Ryan,Doerfler,,Penn,https://www.upenn.edu/,upenn,7197
280,280,Martin,Skladany,,Penn State,https://www.psu.edu/,psu,2196
281,281,Megan,Wright,,Penn State (University Park),https://www.psu.edu/,psu,8005
282,282,Ben,Johnson,,Penn State (University Park),https://www.psu.edu/,psu,4729
283,283,Matthew,Lawrence,,Penn State Dickinson,https://dickinsonlaw.psu.edu/,dickinsonlaw.psu,4968
284,284,David,Thaw,,Pitt,https://www.pitt.edu/,pitt,4722
285,285,Greer,Donley,,Pittsburgh,https://www.pitt.edu/,pitt,8210
286,286,Jaime,Lluch,,Puerto Rico Poli Sci Dept,https://polsci.umass.edu/people/roberto-alejandro,polsci.umass,8928
287,287,Alyssa,King,,Queen's,https://www.queensu.ca/,queensu,9198
288,288,Jennifer,Levine,,Quinnipiac,https://www.qu.edu/,qu,1262
289,289,Alex G.,Sinha,,Quinnipiac,https://www.qu.edu/,qu,1742
290,290,Luke,Norris,,Richmond,https://www.richmond.edu/,richmond,5606
291,291,Hayes,Holderness,,Richmond,https://www.richmond.edu/,richmond,5575
292,292,Daniel,Schaffa,,Richmond,https://www.richmond.edu/,richmond,8919
293,293,Jud,Campbell,,Richmond,https://www.richmond.edu/,richmond,7153
294,294,Erin,Collins,,Richmond,https://www.richmond.edu/,richmond,6807
295,295,Paul,Crane,,Richmond,https://www.richmond.edu/,richmond,4122
296,296,Allison Anna,Tait,,Richmond,https://www.richmond.edu/,richmond,9853
297,297,CJ,Ryan,,Roger Williams,https://www.rwu.edu/,rwu,4384
298,298,Adnan,Zulfiqar,,Rutgers,https://www.rutgers.edu/,rutgers,2108
299,299,Alexis,Karteron,,Rutgers (Camden),https://www.camden.rutgers.edu/,camden.rutgers,217
300,300,Kirsten,Nussbaumer,,Rutgers (Camden),https://www.camden.rutgers.edu/,camden.rutgers,4705
301,301,Jacob Hale,Russell,,Rutgers (Camden),https://www.camden.rutgers.edu/,camden.rutgers,3726
302,302,Tracey M.,Roberts,,Samford (Cumberland),https://www.samford.edu/cumberlandlaw/,samford,454
303,303,Ariel,Stevenson,,San Diego,https://www.sandiego.edu/,sandiego,6949
304,304,James,Binnall,,Savannah,https://www.savannahstate.edu/,savannahstate,7966
305,305,Vinay,Harpalani,,Savannah,https://www.savannahstate.edu/,savannahstate,4716
306,306,Katherine,Moore,,Seton Hall,https://www.shu.edu/,shu,625
307,307,Wendy,Salkin,,SF State,https://www.sfsu.edu/,sfsu,3067
308,308,Hillel,Bavli,,SMU,https://www.smu.edu/,smu,8393
309,309,Natalie,Nanasi,,SMU,https://www.smu.edu/,smu,5648
310,310,Jesse,Cross,,South Carolina,https://www.sc.edu/,sc,4563
311,311,Clint,Wallace,,South Carolina,https://www.sc.edu/,sc,3309
312,312,Annie,Eisenberg,,South Carolina,https://www.sc.edu/,sc,2143
313,313,Sheldon,Welton,,South Carolina,https://www.sc.edu/,sc,5533
314,314,Bryant Walker,Smith,,South Carolina,https://www.sc.edu/,sc,2214
315,315,Kevin,Haeberle,,South Carolina,https://www.sc.edu/,sc,4160
316,316,Marie,Boyd,,South Carolina,https://www.sc.edu/,sc,1890
317,317,Nathan,Richardson,,South Carolina,https://www.sc.edu/,sc,2950
318,318,Seth,Stoughton,,South Carolina,https://www.sc.edu/,sc,1490
319,319,Tessa,Davis,,South Carolina,https://www.sc.edu/,sc,4127
320,320,Hannah,Haksgaard,,South Dakota,https://www.usd.edu/,usd,4784
321,321,Rachel,VanLandingham,,Southwestern,https://www.southwestern.edu/,southwestern,9544
322,322,Sheldon,Evans,,St. John's,https://www.stjohns.edu/,stjohns,5538
323,323,Kate,Klonick,,St. John's,https://www.stjohns.edu/,stjohns,67
324,324,Lauren,Roth,,St. John's,https://www.stjohns.edu/,stjohns,6859
325,325,Kate,Levine,,St. John's,https://www.stjohns.edu/,stjohns,512
326,326,Ana Santos,Rutschman,,St. Louis,https://www.slu.edu/,slu,4912
327,327,Rachel,Moran,,St. Thomas (Minnesota),https://www.stthomas.edu/,stthomas,3839
328,328,Colleen,Honigsberg,,Stanford,https://www.stanford.edu/,stanford,915
329,329,Gregory,Ablavsky,,Stanford,https://www.stanford.edu/,stanford,899
330,330,Rabia,Belt,,Stanford,https://www.stanford.edu/,stanford,6427
331,331,Jacob,Goldin,,Stanford,https://www.stanford.edu/,stanford,1192
332,332,Lisa Larrimore,Ouellette,,Stanford,https://www.stanford.edu/,stanford,7858
333,333,Christina,Miller,,Suffolk,https://www.suffolk.edu/,suffolk,2924
334,334,Rene,Reyes,,Suffolk,https://www.suffolk.edu/,suffolk,8467
335,335,Erin,Braatz,,Suffolk,https://www.suffolk.edu/,suffolk,5100
336,336,Christine Pedigo,Bartholomew,,SUNY Buffalo,https://www.suny.edu/campuses/buffalo/,suny,521
337,337,Joshua,Andresen,,Surrey,https://www.surrey.ac.uk/,surrey,2448
338,338,Stephen,Bero,,Surrey,https://www.surrey.ac.uk/,surrey,8522
339,339,Stephen,Nyak-Young,,Surrey,https://www.surrey.ac.uk/,surrey,6121
340,340,Ira,Lindsay,,Surrey,https://www.surrey.ac.uk/,surrey,2809
341,341,Alexander,Sarch,,Surrey,https://www.surrey.ac.uk/,surrey,6497
342,342,Chris,Taggart,,Surrey,https://www.surrey.ac.uk/,surrey,9720
343,343,Pamela,Bookman,,Temple,https://www.temple.edu/,temple,8862
344,344,Lauren,Ouziel,,Temple,https://www.temple.edu/,temple,8777
345,345,Jonathan,Rohr,,Tennessee,https://www.utk.edu/,utk,6927
346,346,Amber,Baylor,,Texas A&M,https://www.tamu.edu/,tamu,2116
347,347,Guillermo,Garcia Sanchez,,Texas A&M,https://www.tamu.edu/,tamu,2899
348,348,Brian,Larson,,Texas A&M,https://www.tamu.edu/,tamu,9685
349,349,Jeff,Slattery,,Texas A&M,https://www.tamu.edu/,tamu,4014
350,350,Vanessa,Casado Pérez,,Texas A&M,https://www.tamu.edu/,tamu,5668
351,351,William,Magnuson,,Texas A&M,https://www.tamu.edu/,tamu,3621
352,352,Saurabh,Vishnubhakat,,Texas A&M,https://www.tamu.edu/,tamu,1226
353,353,Tracy,Pearl,,Texas Tech,https://www.ttu.edu/,ttu,1665
354,354,Kristen,van de Biezenbos,,Texas Tech,https://www.ttu.edu/,ttu,2550
355,355,Agnieszka,McPeak,,Toldeo,https://www.utoledo.edu/,utoledo,2963
356,356,Anna,Su,,Toronto,https://www.utoronto.ca/,utoronto,5912
357,357,Emily,Satterthwaite,,Toronto,https://www.utoronto.ca/,utoronto,3689
358,358,Ann,Lipton,,Tulane,https://tulane.edu/,tulane,5522
359,359,Warigia,Bowman,,Tulsa,https://utulsa.edu/,utulsa,2576
360,360,Ido,Kilovaty,,Tulsa,https://utulsa.edu/,utulsa,3527
361,361,Irene,Joe,,UC Davis,https://www.ucdavis.edu/,ucdavis,1084
362,362,Aaron,Tang,,UC Davis,https://www.ucdavis.edu/,ucdavis,8499
363,363,Jasmine,Harris,,UC Davis,https://www.ucdavis.edu/,ucdavis,9957
364,364,Jared,Ellias,,UC Hastings,https://www.uchastings.edu/,uchastings,8950
365,365,Emily Taylor,Poppe,,UC Irvine,https://uci.edu/,uci,8572
366,366,Leah,Litman,,UC Irvine,https://uci.edu/,uci,5144
367,367,Alison,Mikkor,,UC Irvine,https://uci.edu/,uci,3733
368,368,Sung Eun,Kim,,UC Irvine,https://uci.edu/,uci,754
369,369,Seth,Davis,,UC Irvine,https://uci.edu/,uci,6119
370,370,LaToya Baldwin,Clark,,UCLA,www.ucla.edu/,ucla,4325
371,371,Blake,Emerson,,UCLA,www.ucla.edu/,ucla,6271
372,372,Kristen,Eichensehr,,UCLA,www.ucla.edu/,ucla,5482
373,373,Beth,Colgan,,UCLA,www.ucla.edu/,ucla,9062
374,374,Richard,Re,,UCLA,www.ucla.edu/,ucla,1847
375,375,Tendayi,Achiume,,UCLA,www.ucla.edu/,ucla,4757
376,376,Norrinda,Hayat,,UDC,https://www.udc.edu/,udc,4011
377,377,Camden,Hutchison,,University of British Columbia,https://www.ubc.ca/,ubc,2248
378,378,Eve,Hanan,,UNLV,https://www.unlv.edu/,unlv,641
379,379,Dorothy Shapiro,Lund,,USC,https://www.usc.edu/,usc,4597
380,380,Young Ran (Christine),Kim,,Utah,https://www.utah.edu/,utah,9332
381,381,Cathy,Hwang,,Utah,https://www.utah.edu/,utah,7004
382,382,Natalie,Banta,,Valparaiso,https://www.valpo.edu/,valpo,1114
383,383,Gautam,Hans,,Vanderbilt,https://www.vanderbilt.edu/,vanderbilt,6073
384,384,Lauren,Rogal,,Vanderbilt,https://www.vanderbilt.edu/,vanderbilt,3838
385,385,Sara,Mayeux,,Vanderbilt,https://www.vanderbilt.edu/,vanderbilt,3500
386,386,Joseph,Fishman,,Vanderbilt,https://www.vanderbilt.edu/,vanderbilt,8794
387,387,Rachel,Stevens,,Vermont,https://www.uvm.edu/,uvm,3341
388,388,Jeannie,Oliver,,Vermont,https://www.uvm.edu/,uvm,1630
389,389,Christine,Speidel,,Villanova,https://www1.villanova.edu/,villanova,197
390,390,Josephine Sandler,Nelson,,Villanova,https://www1.villanova.edu/,villanova,653
391,391,Farah,Peterson,,Virginia,www.virginia.edu/,virginia,5852
392,392,Aditya,Bamzai,,Virginia,www.virginia.edu/,virginia,8976
393,393,Maureen (Molly),Brady,,Virginia,www.virginia.edu/,virginia,5034
394,394,Gregg,Strauss,,Virginia,www.virginia.edu/,virginia,1952
395,395,Marie-Amélie,George,,Wake Forest,https://www.wfu.edu/,wfu,2970
396,396,Russell,Gold,,Wake Forest,https://www.wfu.edu/,wfu,6648
397,397,Susannah,Pollvogt,,Washburn,https://washburn.edu/,washburn,9127
398,398,Daniel,Epps,,Washington (St. Louis),https://wustl.edu/,wustl,2795
399,399,Rachel,Sachs,,Washington (St. Louis),https://wustl.edu/,wustl,926
400,400,Angelica,Chazaro,,Washington (University of),https://wustl.edu/,wustl,3053
401,401,Trevor,Gardner,,Washington (University of),https://wustl.edu/,wustl,9993
402,402,William,Ortman,,Wayne,https://wayne.edu/,wayne,9952
403,403,Anne,Choike,,Wayne State,https://wayne.edu/,wayne,820
404,404,Sanjukta,Paul,,Wayne State,https://wayne.edu/,wayne,3042
405,405,Blanche,Cook,,Wayne State,https://wayne.edu/,wayne,7141
406,406,Joshua,Weishart,,West Virginia,https://www.wvu.edu/,wvu,7822
407,407,Valarie,Blake,,West Virginia,https://www.wvu.edu/,wvu,4497
408,408,Peter,Conti-Brown,,Wharton,https://www.wharton.upenn.edu/,wharton.upenn,885
409,409,Vince,Buccola,,Wharton,https://www.wharton.upenn.edu/,wharton.upenn,5992
410,410,Amanda,Shanor,,Wharton Legal Studies,https://lgst.wharton.upenn.edu/,lgst.wharton.upenn,4180
411,411,Brian,Feinstein,,Wharton Legal Studies,https://lgst.wharton.upenn.edu/,lgst.wharton.upenn,296
412,412,Andrew,Gilden,,Willamette,https://willamette.edu/,willamette,8197
413,413,Aaron,Simowitz,,Willamette,https://willamette.edu/,willamette,184
414,414,Peter,Molk,,Willamette,https://willamette.edu/,willamette,755
415,415,Jay,Butler,,William & Mary,https://www.wm.edu/,wm,2654
416,416,Sarah Wasserman,Rajec,,William & Mary,https://www.wm.edu/,wm,5474
417,417,BJ,Ard,,Wisconsin,https://www.wisc.edu/,wisc,6681
418,418,Ion,Meyn,,Wisconsin,https://www.wisc.edu/,wisc,3872
419,419,Yaron,Nili,,Wisconsin,https://www.wisc.edu/,wisc,7225
420,420,Gwendolyn M.,Leachman,,Wisconsin,https://www.wisc.edu/,wisc,3761
421,421,Miriam,Seifter,,Wisconsin,https://www.wisc.edu/,wisc,4630
422,422,Robert,Yablon,,Wisconsin,https://www.wisc.edu/,wisc,5689
423,423,Emily,Bremer,,Wyoming,www.uwyo.edu/,uwyo,5119
424,424,Danielle,Cover,,Wyoming,www.uwyo.edu/,uwyo,794
425,425,Monica,Bell,,Yale,https://www.yale.edu/,yale,6516
426,426,Zachary,Liscow,,Yale,https://www.yale.edu/,yale,3253
427,427,Anika Singh,Lemar,,Yale,https://www.yale.edu/,yale,160
428,428,Issa,Kohler-Hausmann,,Yale,https://www.yale.edu/,yale,2835
