,Min List Name,Data List Name,Min List School,Data List School,Fuzz Ratio
0,Peggy Cooper Davis,Peggy Davis,New York Univ ,New York University School of Law,76
1,David Min,David Lipton,Cal. Irvine ,"The Catholic University of America, Columbus School of Law",76
2,Joshua Sellers,Joshua Dressler,Ariz. state ,"The Ohio State University, Michael E. Moritz College of Law",76
3,Jean Teresa Ramirez,Jean Ramirez,San Diego ,University of San Diego School of Law,77
4,Richard Albert,Richard Dole,Univ. of Texas ,University of Houston Law Center,77
5,Barbara Creel,Barbara Welke,New Mexico ,University of Minnesota Law School,77
6,James B. Jr. Hughes,James Hughes,Emory ,Emory University School of Law,77
7,Gabriel “Jack” Chin,Gabriel Chin,UC Davis,"University of California, Davis, School of Law",77
8,Barbara Creel,Barbara Welke,New Mexico ,University of Minnesota Law School,77
9,Keith Norman Hylton,Keith Hylton,Boston Univ. ,Boston University School of Law,77
10,Catherine Y. Kim,Catherine Klein,Univ. of North Car. ,"The Catholic University of America, Columbus School of Law",77
11,Fernanda Giorgia Nicola,Fernanda Nicola,American ,"American University, Washington College of Law",79
12,Emily M.S. Houh,Emily Houh,Cincinnati ,University of Cincinnati College of Law,80
13,Charles R.. Ill Lawrence,Charles Lawrence,Hawaii ,"University of Hawaii, William S. Richardson School of Law",80
14,Berta E. Hcmandez-Truyol,Berta Hernandez-Truyol,Univ. of Florida ,University of Florida Fredric G. Levin College of Law,83
15,Darren Lenard Hutchinson,Darren Hutchinson,Univ. of Florida ,University of Florida Fredric G. Levin College of Law,83
16,Frank H. Wu,Frank Wu,UC Hastings,"University of California, Hastings College of the Law",84
17,Peter K. Yu,Peter Yu,Texas A&M ,Texas A&M University School of Law,84
18,Jan C. Ting,Jan Ting,Temple ,"Temple University, James E. Beasley School of Law",84
19,Pat K. Chew,Pat Chew,Pittsburgh ,University of Pittsburgh School of Law,84
20,Mary D. Fan,Mary Fan,Wash.. Seattle ,University of Washington School of Law,84
21,Mary D. Fan,Mary Fan,Wash.. Seattle ,University of Washington School of Law,84
22,Dalie Jimenez,Dalié Jiménez,Cal. Irvine,"University of California, Irvine School of Law",85
23,Anthony Paul Farley,Anthony Farley,Albany ,Albany Law School,85
24,Darrell A.H. Miller,Darrell Miller,Duke ,Duke University School of Law,85
25,L. Song. Cal. Richardson,L. Song Richardson,Irvine ,"University of California, Irvine School of Law",86
26,W. B. Carter,W. Carter,George Washington ,The George Washington University Law School,86
27,Alex L. Wang,Alex Wang,U.C.L.A. ,"University of California, Los Angeles School of Law",86
28,Brant T. Lee,Brant Lee,Akron ,University of Akron School of Law,86
29,Matthew L.M. Fletcher,Matthew Fletcher,Mich. state ,Michigan State University College of Law,86
30,Jon C. Dubin,Jon Dubin,Rutgers ,Rutgers Law School,86
31,Ellen L. Yee,Ellen Yee,Drake ,Drake University Law School,86
32,Jon C. Dubin,Jon Dubin,Rutgers ,Rutgers Law School,86
33,Alan K. Chen,Alan Chen,Denver ,University of Denver Sturm College of Law,86
34,Ved P. Nanda,Ved Nanda,Denver ,University of Denver Sturm College of Law,86
35,David B. Cruz,David Cruz,Southern Cal. ,University of Southern California Gould School of Law,87
36,Thomas W. Joo,Thomas Joo,UC Davis,"University of California, Davis, School of Law",87
37,Albert C. Lin,Albert Lin,UC Davis,"University of California, Davis, School of Law",87
38,Joseph P. Liu,Joseph Liu,Boston Coll. ,Boston College Law School,87
39,Alfred C. Yen,Alfred Yen,Boston Coll. ,Boston College Law School,87
40,Allen R. Moye,Allen Moye,DePaul ,DePaul University College of Law,87
41,Connie M.V. de la Vega,Connie de la Vega,San Francisco ,University of San Francisco School of Law,87
42,Lea B. Vaughn,Lea Vaughn,Wash. Seattle,University of Washington School of Law,87
43,Wendy T. Ross,Wendy Ross,Texas Tech ,Texas Tech University School of Law,87
44,Sean M. Scott,Sean Scott,Loyola. Los Angeles ,"Loyola Law School, Los Angeles",87
45,Lea B. Vaughn,Lea Vaughn,Wash. Seattle,University of Washington School of Law,87
46,Ozan O. Varol,Ozan Varol,Lewis & Clark ,Lewis and Clark Law School,87
47,Vikram D. Amar,Vikram Amar,Illinois ,University of Illinois College of Law,88
48,Suja A. Thomas,Suja Thomas,Illinois ,University of Illinois College of Law,88
49,Paul F. Campos,Paul Campos,Colorado ,University of Colorado Law School,88
50,Peter H. Huang,Peter Huang,Colorado ,University of Colorado Law School,88
51,Karen B. Brown,Karen Brown,George Washington ,The George Washington University Law School,88
52,Susan R. Jones,Susan Jones,George Washington ,The George Washington University Law School,88
53,Kevin E. Davis,Kevin Davis,New York Univ ,New York University School of Law,88
54,Steven A. Dean,Steven Dean,Brooklyn ,Brooklyn Law School,88
55,Ragini N. Shah,Ragini Shah,Suffolk ,Suffolk University Law School,88
56,Laura E. Gomez,Laura Gomez,U.C.L.A. ,"University of California, Los Angeles School of Law",88
57,Celesiina L. Contreras,Celestina Contreras,Texas A&M ,Texas A&M University School of Law,88
58,Luz E. Herrera,Luz Herrera,Texas A&M ,Texas A&M University School of Law,88
59,Renee M. Jones,Renee Jones,Boston Coll. ,Boston College Law School,88
60,Pauline T. Kim,Pauline Kim,Wash. St. Louis,Washington University in St. Louis School of Law,88
61,Atiba R. Ellis,Atiba Ellis,Marquette ,Marquette University Law School,88
62,Kali N. Murray,Kali Murray,Marquette ,Marquette University Law School,88
63,Veronica Aoki Santarosa,Veronica Santarosa,Michigan ,The University of Michigan Law School,88
64,Ronald K. Chen,Ronald Chen,Rutgers ,Rutgers Law School,88
65,Suzanne A. Kim,Suzanne Kim,Rutgers ,Rutgers Law School,88
66,Twila L. Perry,Twila Perry,Rutgers ,Rutgers Law School,88
67,Christopher Ruiz Cameron,Christopher Cameron,Southwestern ,Southwestern Law School,88
68,Roman J. Hoyos,Roman Hoyos,Southwestern ,Southwestern Law School,88
69,Alice G. Abreu,Alice Abreu,Temple ,"Temple University, James E. Beasley School of Law",88
70,JoAnne A. Epps,JoAnne Epps,Temple ,"Temple University, James E. Beasley School of Law",88
71,Salil K. Mehra,Salil Mehra,Temple ,"Temple University, James E. Beasley School of Law",88
72,Carol N. Brown,Carol Brown,Richmond ,The University of Richmond School of Law,88
73,Kevin D. Brown,Kevin Brown,Ind. Maurer,Indiana University Maurer School of Law,88
74,D. Carolina Nunez,D. Carolina Núñez,Brigham Young ,"Brigham Young University, J. Reuben Clark Law School",88
75,Kevin D. Brown,Kevin Brown,Ind. Maurer,Indiana University Maurer School of Law,88
76,Jeannie Suk Gersen,Jeannie Gersen,Harvard ,Harvard Law School,88
77,Jeannie Suk Gersen,Jeannie Gersen,Harvard ,Harvard Law School,88
78,Ronald K. Chen,Ronald Chen,Rutgers ,Rutgers Law School,88
79,Suzanne A. Kim,Suzanne Kim,Rutgers ,Rutgers Law School,88
80,Twila L. Perry,Twila Perry,Rutgers ,Rutgers Law School,88
81,Craig M. Boise,Craig Boise,Syracuse ,Syracuse University College of Law,88
82,Keith J. Bybee,Keith Bybee,Syracuse ,Syracuse University College of Law,88
83,Jose R. Juarez,Jose Juarez,Denver ,University of Denver Sturm College of Law,88
84,Joyce A. Hughes,Joyce Hughes,Northwestern ,Northwestern University Pritzker School of Law,89
85,Michael S. Kang,Michael Kang,Northwestern ,Northwestern University Pritzker School of Law,89
86,Jide O. Nzelibe,Jide Nzelibe,Northwestern ,Northwestern University Pritzker School of Law,89
87,Sonia K. Katyal,Sonia Katyal,UC Berkeley,"University of California, Berkeley School of Law",89
88,Daniel R. Ortiz,Daniel Ortiz,Univ. of Va. ,University of Virginia School of Law,89
89,Jose E. Alvarez,Jose Alvarez,New York Univ ,New York University School of Law,89
90,Patrick S. Shin,Patrick Shin,Suffolk ,Suffolk University Law School,89
91,Edward S. Adams,Edward Adams,Minnesota ,University of Minnesota Law School,89
92,Francis X. Shen,Francis Shen,Minnesota ,University of Minnesota Law School,89
93,Rafael I. Pardo,Rafael Pardo,Emory ,Emory University School of Law,89
94,Leo P. Martinez,Leo Martinez,UC Hastings,"University of California, Hastings College of the Law",89
95,William K. Wang,William Wang,UC Hastings,"University of California, Hastings College of the Law",89
96,Evelyn A. Lewis,Evelyn Lewis,UC Davis,"University of California, Davis, School of Law",89
97,Shelby D. Green,Shelby Green,Pace ,Pace University Elisabeth Haub School of Law,89
98,Edward S. Adams,Edward Adams,Minnesota ,University of Minnesota Law School,89
99,Francis X. Shen,Francis Shen,Minnesota ,University of Minnesota Law School,89
100,Elise C. Boddie,Elise Boddie,Rutgers ,Rutgers Law School,89
101,Robert S. Chang,Robert Chang,Seattle ,Seattle University School of Law,89
102,Hosea H. Harvey,Hosea Harvey,Temple ,"Temple University, James E. Beasley School of Law",89
103,Tuan N. Samahon,Tuan Samahon,Villanova ,Villanova University Charles Widger School of Law,89
104,Sean B. Seymore,Sean Seymore,Vanderbilt ,Vanderbilt University Law School,89
105,Mario L. Barnes,Mario Barnes,Wash. Seattle,University of Washington School of Law,89
106,Browne C. Lewis,Browne Lewis,Cleve.-Marshall ,Cleveland-Marshall College of Law at Cleveland State University,89
107,Mari J. Matsuda,Mari Matsuda,Hawaii ,"University of Hawaii, William S. Richardson School of Law",89
108,Kenneth B. Nunn,Kenneth Nunn,Univ. of Florida ,University of Florida Fredric G. Levin College of Law,89
109,Ruben J. Garcia,Ruben Garcia,Nevada Las Vegas,"University of Nevada, Las Vegas, William S. Boyd School of Law",89
110,Kenneth W. Mack,Kenneth Mack,Harvard ,Harvard Law School,89
111,Intisar A. Rabb,Intisar Rabb,Harvard ,Harvard Law School,89
112,Mario L. Barnes,Mario Barnes,Wash. Seattle,University of Washington School of Law,89
113,Joyce A. Hughes,Joyce Hughes,Northwestern ,Northwestern University Pritzker School of Law,89
114,Michael S. Kang,Michael Kang,Northwestern ,Northwestern University Pritzker School of Law,89
115,Jide O. Nzelibe,Jide Nzelibe,Northwestern ,Northwestern University Pritzker School of Law,89
116,Kenneth W. Mack,Kenneth Mack,Harvard ,Harvard Law School,89
117,Intisar A. Rabb,Intisar Rabb,Harvard ,Harvard Law School,89
118,Karl S. Okamoto,Karl Okamoto,Drexel ,Drexel University Thomas R. Kline School of Law,89
119,Hunter R. Clark,Hunter Clark,Drake ,Drake University Law School,89
120,Anna W. Shavers,Anna Shavers,Nebraska ,University of Nebraska College of Law,89
121,Elise C. Boddie,Elise Boddie,Rutgers ,Rutgers Law School,89
122,Michael A. Satz,Michael Satz,Idaho ,University of Idaho College of Law,89
123,Francis A. Boyle,Francis Boyle,Illinois ,University of Illinois College of Law,90
124,Jamelle C. Sharpe,Jamelle Sharpe,Illinois ,University of Illinois College of Law,90
125,Shauhin A. Talesh,Shauhin Talesh,Cal Irvine,"University of California, Irvine School of Law",90
126,Robert J. Cottrol,Robert Cottrol,George Washington ,The George Washington University Law School,90
127,Melissa E. Murray,Melissa Murray,New York Univ ,New York University School of Law,90
128,Sachin S. Pandya,Sachin Pandya,Connecticut ,University of Connecticut School of Law,90
129,William D. Araiza,William Araiza,Brooklyn ,Brooklyn Law School,90
130,Samuel K. Murumba,Samuel Murumba,Brooklyn ,Brooklyn Law School,90
131,Michael A. Olivas,Michael Olivas,Houston Law Cntr. ,University of Houston Law Center,90
132,Jeffrey M. Colon,Jeffrey Colon,Fordham ,Fordham University School of Law,90
133,Robin A. Lenhardt,Robin Lenhardt,Fordham ,Fordham University School of Law,90
134,Alafair S. Burke,Alafair Burke,Hofstra ,Maurice A. Deane School of Law at Hofstra University,90
135,Garry W. Jenkins,Garry Jenkins,Minnesota ,University of Minnesota Law School,90
136,Raquel E. Aldana,Raquel Aldana,UC Davis,"University of California, Davis, School of Law",90
137,Angela P. Harris,Angela Harris,UC Davis,"University of California, Davis, School of Law",90
138,Kevin K. Washburn,Kevin Washburn,Iowa ,University of Iowa College of Law,90
139,Robert B. Ahdieh,Robert Ahdieh,Texas A&M ,Texas A&M University School of Law,90
140,Susan S. Fortney,Susan Fortney,Texas A&M ,Texas A&M University School of Law,90
141,Michael Z. Green,Michael Green,Texas A&M ,Texas A&M University School of Law,90
142,Dean M. Hashimoto,Dean Hashimoto,Boston Coll. ,Boston College Law School,90
143,Robert S. Westley,Robert Westley,Tulane ,Tulane University Law School,90
144,Barbara L. Atwell,Barbara Atwell,Pace ,Pace University Elisabeth Haub School of Law,90
145,Garry W. Jenkins,Garry Jenkins,Minnesota ,University of Minnesota Law School,90
146,Mikah K. Thompson,Mikah Thompson,Mo.-Kan. City ,University of Missouri-Kansas City School of Law,90
147,Adrienne D. Davis,Adrienne Davis,Wash. St. Louis,Washington University in St. Louis School of Law,90
148,Edward A. Fallone,Edward Fallone,Marquette ,Marquette University Law School,90
149,Sherman J. Clark,Sherman Clark,Michigan ,The University of Michigan Law School,90
150,Darlene C. Goring,Darlene Goring,LSU ,"Louisiana State University, Paul M. Hebert Law Center",90
151,Robert L. Flores,Robert Flores,Utah ,"University of Utah, S. J. Quinney College of Law",90
152,Wenona T. Singel,Wenona Singel,Mich state ,Michigan State University College of Law,90
153,Phoebe A. Haddon,Phoebe Haddon,Rutgers ,Rutgers Law School,90
154,David A. Brennen,David Brennen,Kentucky ,University of Kentucky College of Law,90
155,Danielle K. Hart,Danielle Hart,Southwestern ,Southwestern Law School,90
156,Henry L. Chambers,Henry Chambers,Jr. Richmtmd ,The University of Richmond School of Law,90
157,Mark C. Alexander,Mark Alexander,Villanova ,Villanova University Charles Widger School of Law,90
158,Michael J. Kelly,Michael Kelly,Creighton ,Creighton University School of Law,90
159,Terry A. Maroney,Terry Maroney,Vanderbilt ,Vanderbilt University Law School,90
160,Johnny C. Parker,Johnny Parker,Tulsa ,The University of Tulsa College of Law,90
161,Lisa H. Nicholson,Lisa Nicholson,Louisville ,"University of Louisville, Louis D. Brandeis School of Law",90
162,Susanna K. Ripken,Susanna Ripken,Chapman ,Chapman University Dale E. Fowler School of Law,90
163,Rebecca A. Tsosie,Rebecca Tsosie,Univ. of Ariz. ,The University of Arizona James E. Rogers College of Law,90
164,Michael J. Kelly,Michael Kelly,Creighton ,Creighton University School of Law,90
165,Mikah K. Thompson,Mikah Thompson,Mo.-Kan. City ,University of Missouri-Kansas City School of Law,90
166,Lauren M. Collins,Lauren Collins,Cleve.-Marshall ,Cleveland-Marshall College of Law at Cleveland State University,90
167,Sergio J. Campos,Sergio Campos,Miami ,University of Miami School of Law,90
168,Osamudia R. James,Osamudia James,Miami ,University of Miami School of Law,90
169,Jorge A. Ramirez,Jorge Ramirez,Texas Tech ,Texas Tech University School of Law,90
170,Keith M. Harrison,Keith Harrison,John Marshall Atlanta,Atlanta's John Marshall Law School,90
171,Andrea L. Dennis,Andrea Dennis,Georgia ,University of Georgia School of Law,90
172,Usha R. Rodrigues,Usha Rodrigues,Georgia ,University of Georgia School of Law,90
173,Einer R. Elhauge,Einer Elhauge,Harvard ,Harvard Law School,90
174,Brietta R. Clark,Brietta Clark,Loyola Los Angeles,"Loyola Law School, Los Angeles",90
175,Jeffrey D. Jones,Jeffrey Jones,Lewis & Clark ,Lewis and Clark Law School,90
176,Einer R. Elhauge,Einer Elhauge,Harvard ,Harvard Law School,90
177,Phoebe A. Haddon,Phoebe Haddon,Rutgers ,Rutgers Law School,90
178,Kathy S. Northern,Kathy Northern,Ohio state ,"The Ohio State University, Michael E. Moritz College of Law",90
179,Daniel P. Tokaji,Daniel Tokaji,Ohio state ,"The Ohio State University, Michael E. Moritz College of Law",90
180,Marina L Lao,Marina Lao,Seton Hall ,Seton Hall University School of Law,91
181,Richard A. Monette,Richard Monette,Wisconsin ,University of Wisconsin Law School,91
182,Olatunde C. Johnson,Olatunde Johnson,Columbia ,Columbia Law School,91
183,Jonathan D. Glater,Jonathan Glater,Cal. Irvine,"University of California, Irvine School of Law",91
184,Theresa A. Gabaldon,Theresa Gabaldon,George Washington ,The George Washington University Law School,91
185,Mildred W. Robinson,Mildred Robinson,Univ. of Va. ,University of Virginia School of Law,91
186,Elbert L. Robertson,Elbert Robertson,Suffolk ,Suffolk University Law School,91
187,Meredith J. Duncan,Meredith Duncan,Houston Law Cntr. ,University of Houston Law Center,91
188,Jennifer M. Chacon,Jennifer Chacon,U.C.L.A. ,"University of California, Los Angeles School of Law",91
189,Richard A. Boswell,Richard Boswell,UC Hastings,"University of California, Hastings College of the Law",91
190,Thomas W. Mitchell,Thomas Mitchell,Texas A&M ,Texas A&M University School of Law,91
191,Vincent D. Rougeau,Vincent Rougeau,Boston Coll. ,Boston College Law School,91
192,Christopher S. Yoo,Christopher Yoo,Pennsylvania ,University of Pennsylvania Law School,91
193,Girardeau A. Spann,Girardeau Spann,Georgetown ,Georgetown University Law Center,91
194,Kimberly J. Norwood,Kimberly Norwood,Wash. St. Louis,Washington University in St. Louis School of Law,91
195,Katheleen R. Guzman,Katheleen Guzman,Univ. of Oklahoma ,University of Oklahoma College of Law,91
196,Vivian E. Hamilton,Vivian Hamilton,William & Mary ,William & Mary Law School,91
197,Kimberly D. Bailey,Kimberly Bailey,Chicago-Kent ,"Chicago-Kent College of Law, Illinois Institute of Technology",91
198,Raymond T. Diamond,Raymond Diamond,LSU ,"Louisiana State University, Paul M. Hebert Law Center",91
199,Roberta M. Harding,Roberta Harding,Kentucky ,University of Kentucky College of Law,91
200,Dennis T. Yokoyama,Dennis Yokoyama,Southwestern ,Southwestern Law School,91
201,Vivian E. Hamilton,Vivian Hamilton,William & Mary ,William & Mary Law School,91
202,Teressa E. Ravenell,Teressa Ravenell,Villanova ,Villanova University Charles Widger School of Law,91
203,Karla M. McKanders,Karla McKanders,Vanderbilt ,Vanderbilt University Law School,91
204,Regina T. Jefferson,Regina Jefferson,Cath. Univ. ,"The Catholic University of America, Columbus School of Law",91
205,Rachael E. Salcido,Rachael Salcido,McGeorge ,"University of the Pacific, McGeorge School of Law",91
206,Robert A. Williams,Robert Williams,Jr. Univ. of Ariz.,The University of Arizona James E. Rogers College of Law,91
207,Francisco X. Valdes,Francisco Valdes,Miami ,University of Miami School of Law,91
208,Rachael E. Salcido,Rachael Salcido,McGeorge ,"University of the Pacific, McGeorge School of Law",91
209,Rachel J. Anderson,Rachel Anderson,Nevada Las Vegas,"University of Nevada, Las Vegas, William S. Boyd School of Law",91
210,Stephen J. Leacock,Stephen Leacock,Barry ,Barry University Dwayne O. Andreas School of Law,91
211,Randall L. Kennedy,Randall Kennedy,Harvard ,Harvard Law School,91
212,Randall L. Kennedy,Randall Kennedy,Harvard ,Harvard Law School,91
213,Catherine L. Wilson,Catherine Wilson,Nebraska ,University of Nebraska College of Law,91
214,Ruqaiijah A. Yearby,Ruqaiijah Yearby,St. Louis ,Saint Louis University School of Law,91
215,Roberto L. Corrada,Roberto Corrada,Denver ,University of Denver Sturm College of Law,91
216,Patience A. Crowder,Patience Crowder,Denver ,University of Denver Sturm College of Law,91
217,Lakshman D. Guruswamy,Lakshman Guruswamy,Colorado ,University of Colorado Law School,92
218,Alejandro E. Camacho,Alejandro Camacho,Cal. Irvine,"University of California, Irvine School of Law",92
219,Willajeanne F. McLean,Willajeanne McLean,Connecticut ,University of Connecticut School of Law,92
220,Juscelino F. Colares,Juscelino Colares,Case Western Res. ,Case Western Reserve University School of Law,92
221,Guy-Uriel E. Charles,Guy-Uriel Charles,Duke ,Duke University School of Law,92
222,Gregory M. Silverman,Gregory Silverman,Seattle ,Seattle University School of Law,92
223,Jaya E. Ramji-Nogales,Jaya Ramji-Nogales,Temple ,"Temple University, James E. Beasley School of Law",92
224,Emily S. Garcia Uhrig,Emily Garcia Uhrig,McGeorge ,"University of the Pacific, McGeorge School of Law",92
225,Charlton C. Copeland,Charlton Copeland,Miami ,University of Miami School of Law,92
226,Emily S. Garcia Uhrig,Emily Garcia Uhrig,McGeorge ,"University of the Pacific, McGeorge School of Law",92
227,Teri D Baxter,Teri Baxter,Tennessee ,University of Tennessee College of Law,92
228,Adrien Katherine K. Wing,Adrien Katherine Wing,Iowa ,University of Iowa College of Law,93
229,Ryan D Doerfler,Ryan Doerfler,Pennsylvania ,University of Pennsylvania Law School,93
230,Jasmine C. Abdel-Khalik,Jasmine Abdel-Khalik,Mo.-Kan. City ,University of Missouri-Kansas City School of Law,93
231,Lolita K. Buckner Inniss,Lolita Buckner Inniss,Southern Methodist ,"Southern Methodist University, Dedman School of Law",93
232,Kimberly M. Mutcherson,Kimberly Mutcherson,Rutgers ,Rutgers Law School,93
233,Jasmine B. Gonzales Rose,Jasmine Gonzales Rose,Pittsburgh ,University of Pittsburgh School of Law,93
234,Jasmine C. Abdel-Khalik,Jasmine Abdel-Khalik,Mo.-Kan. City ,University of Missouri-Kansas City School of Law,93
235,Kimberly M. Mutcherson,Kimberly Mutcherson,Rutgers ,Rutgers Law School,93
236,Kaaryn S Gustafson,Kaaryn Gustafson,Cal. Irvine ,"University of California, Irvine School of Law",94
237,Carmen G Gonzalez,Carmen Gonzalez,Seattle ,Seattle University School of Law,94
238,Alexander A Boni-Saenz,Alexander Boni-Saenz,Chicago-Kent ,"Chicago-Kent College of Law, Illinois Institute of Technology",95
239,Ronald. Turner,Ronald Turner,Houston Law Cntr. ,University of Houston Law Center,96
240,Angela L Onwuachi-Willig,Angela Onwuachi-Willig,Boston Univ. ,Boston University School of Law,96
241,Gerald. Torres,Gerald Torres,Cornell ,Cornell Law School,96
242,Elizabeth. Trujillo,Elizabeth Trujillo,Texas A&M ,Texas A&M University School of Law,97
243,Jay Kesan,Jay Kesan,Illinois ,University of Illinois College of Law,100
244,Melissa Wasserman,Melissa Wasserman,Illinois ,University of Illinois College of Law,100
245,Karen Tani,Karen Tani,UC Berkeley,"University of California, Berkeley School of Law",100
246,Daria Roithmayr,Daria Roithmayr,Southern Cal. ,University of Southern California Gould School of Law,100
247,Alexia Brunet Marks,Alexia Brunet Marks,Colorado ,University of Colorado Law School,100
248,Jamal Greene,Jamal Greene,Columbia ,Columbia Law School,100
249,Michele Goodwin,Michele Goodwin,Cal. Irvine,"University of California, Irvine School of Law",100
250,Annie Lai,Annie Lai,Cal Irvine,"University of California, Irvine School of Law",100
251,Cynthia Lee,Cynthia Lee,George Washington ,The George Washington University Law School,100
252,Spencer Overton,Spencer Overton,George Washington ,The George Washington University Law School,100
253,Kim Forde-Mazrui,Kim Forde-Mazrui,Univ. of Va. ,University of Virginia School of Law,100
254,Andrew Hayashi,Andrew Hayashi,Univ. of Va. ,University of Virginia School of Law,100
255,A. Benjamin Spencer,A. Benjamin Spencer,Univ. of Va. ,University of Virginia School of Law,100
256,Kenji Yoshino,Kenji Yoshino,New York Univ. ,New York University School of Law,100
257,Richard Albert,Richard Albert,Univ. of Texas ,The University of Texas School of Law,100
258,Patrick Woolley,Patrick Woolley,Univ. of Texas ,The University of Texas School of Law,100
259,Sara Bronin,Sara Bronin,Connecticut ,University of Connecticut School of Law,100
260,James Kwak,James Kwak,Connecticut ,University of Connecticut School of Law,100
261,Bennett Capers,Bennett Capers,Brooklyn ,Brooklyn Law School,100
262,Mary Jo Wiggins,Mary Jo Wiggins,San Diego ,University of San Diego School of Law,100
263,Shi-Ling Hsu,Shi-Ling Hsu,Fla. state ,Florida State University College of Law,100
264,Frank Rudy Cooper,Frank Rudy Cooper,Suffolk ,Suffolk University Law School,100
265,Sapna Kumar,Sapna Kumar,Houston Law Cntr. ,University of Houston Law Center,100
266,Catherine Powell,Catherine Powell,Fordham ,Fordham University School of Law,100
267,Sung Hui Kim,Sung Hui Kim,U.C.L.A. ,"University of California, Los Angeles School of Law",100
268,Maximo Langer,Maximo Langer,U.C.L.A. ,"University of California, Los Angeles School of Law",100
269,Hiroshi Motomura,Hiroshi Motomura,U.C.L.A. ,"University of California, Los Angeles School of Law",100
270,Jason Oh,Jason Oh,U.C.L.A. ,"University of California, Los Angeles School of Law",100
271,Sherod Thaxton,Sherod Thaxton,U.C.L.A. ,"University of California, Los Angeles School of Law",100
272,Lia Epperson,Lia Epperson,American ,"American University, Washington College of Law",100
273,Cynthia Jones,Cynthia Jones,American ,"American University, Washington College of Law",100
274,Jayesh Rathod,Jayesh Rathod,American ,"American University, Washington College of Law",100
275,J. Herbie DiFonzo,J. Herbie DiFonzo,Hofstra ,Maurice A. Deane School of Law at Hofstra University,100
276,Daniel Abebe,Daniel Abebe,Univ. of Chicago ,"The University of Chicago, The Law School",100
277,Dhammika Dharmapala,Dhammika Dharmapala,Univ. of Chicago ,"The University of Chicago, The Law School",100
278,Afra Afsharipour,Afra Afsharipour,UC Davis,"University of California, Davis, School of Law",100
279,Peter Lee,Peter Lee,UC Davis ,"University of California, Davis, School of Law",100
280,Adeno Addis,Adeno Addis,Tulane ,Tulane University Law School,100
281,Paul Ohm,Paul Ohm,Georgetown ,Georgetown University Law Center,100
282,Jamila Jefferson-Jones,Jamila Jefferson-Jones,Mo.-Kan. City ,University of Missouri-Kansas City School of Law,100
283,John Inazu,John Inazu,Wash. St. Louis,Washington University in St. Louis School of Law,100
284,Peggie Smith,Peggie Smith,Wash. St. Louis,Washington University in St. Louis School of Law,100
285,Joseph Thai,Joseph Thai,Univ. of Oklahoma ,University of Oklahoma College of Law,100
286,Sungjoon Cho,Sungjoon Cho,Chicago-Kent ,"Chicago-Kent College of Law, Illinois Institute of Technology",100
287,Terry Smith,Terry Smith,DePaul ,DePaul University College of Law,100
288,Tracey Maclin,Tracey Maclin,Boston Univ. ,Boston University School of Law,100
289,Frederick Tung,Frederick Tung,Boston Univ. ,Boston University School of Law,100
290,Erika George,Erika George,Utah ,"University of Utah, S. J. Quinney College of Law",100
291,Nathan Cortez,Nathan Cortez,Southern Methodist ,"Southern Methodist University, Dedman School of Law",100
292,Victoria Palacios,Victoria Palacios,Southern Methodist ,"Southern Methodist University, Dedman School of Law",100
293,Sahar Aziz,Sahar Aziz,Rutgers ,Rutgers Law School,100
294,Dennis Kim-Prieto,Dennis Kim-Prieto,Rutgers ,Rutgers Law School,100
295,Margaret Chon,Margaret Chon,Seattle ,Seattle University School of Law,100
296,Gowri Ramachandran,Gowri Ramachandran,Southwestern ,Southwestern Law School,100
297,Rhonda Magee,Rhonda Magee,San Francisco ,University of San Francisco School of Law,100
298,Maya Manian,Maya Manian,San Francisco ,University of San Francisco School of Law,100
299,Ganesh Sitaraman,Ganesh Sitaraman,Vanderbilt ,Vanderbilt University Law School,100
300,Yesha Yadav,Yesha Yadav,Vanderbilt ,Vanderbilt University Law School,100
301,Jarrod Wong,Jarrod Wong,McGeorge ,"University of the Pacific, McGeorge School of Law",100
302,Enid Trucios-Haynes,Enid Trucios-Haynes,Louisville ,"University of Louisville, Louis D. Brandeis School of Law",100
303,Deepa Badrinarayana,Deepa Badrinarayana,Chapman ,Chapman University Dale E. Fowler School of Law,100
304,Lan Cao,Lan Cao,Chapman ,Chapman University Dale E. Fowler School of Law,100
305,Jamila Jefferson-Jones,Jamila Jefferson-Jones,Mo.-Kan. City ,University of Missouri-Kansas City School of Law,100
306,Alfredo Garcia,Alfredo Garcia,St. Thomas ,St. Thomas University School of Law,100
307,Radha Pathak,Radha Pathak,Whittier ,Whittier Law School,100
308,Seval Yildirim,Seval Yildirim,Whittier ,Whittier Law School,100
309,Jimmy Gurule,Jimmy Gurule,Notre Dame ,Notre Dame Law School,100
310,Timothy Davis,Timothy Davis,Wake Forest ,Wake Forest University School of Law,100
311,Gwendolyn Majette,Gwendolyn Majette,Cleve.-Marshall ,Cleveland-Marshall College of Law at Cleveland State University,100
312,Tae-Ung Baik,Tae-Ung Baik,Hawaii ,"University of Hawaii, William S. Richardson School of Law",100
313,Maxine Burkett,Maxine Burkett,Hawaii ,"University of Hawaii, William S. Richardson School of Law",100
314,Diane Desierto,Diane Desierto,Hawaii ,"University of Hawaii, William S. Richardson School of Law",100
315,Jarrod Wong,Jarrod Wong,McGeorge ,"University of the Pacific, McGeorge School of Law",100
316,Jeannine Bell,Jeannine Bell,Ind. Maurer,Indiana University Maurer School of Law,100
317,Christiana Ochoa,Christiana Ochoa,Ind. Maurer,Indiana University Maurer School of Law,100
318,Arturo Torres,Arturo Torres,Texas Tech ,Texas Tech University School of Law,100
319,Katheryn Russell-Brown,Katheryn Russell-Brown,Univ. of Florida ,University of Florida Fredric G. Levin College of Law,100
320,Daniel Sokol,Daniel Sokol,Univ. of Florida ,University of Florida Fredric G. Levin College of Law,100
321,Wentong Zheng,Wentong Zheng,Univ. of Florida ,University of Florida Fredric G. Levin College of Law,100
322,Michalyn Steele,Michalyn Steele,Brigham Young ,"Brigham Young University, J. Reuben Clark Law School",100
323,Ngai Pindell,Ngai Pindell,Nevada Las Vegas,"University of Nevada, Las Vegas, William S. Boyd School of Law",100
324,Jeannine Bell,Jeannine Bell,Ind. Maurer,Indiana University Maurer School of Law,100
325,Christiana Ochoa,Christiana Ochoa,Ind. Maurer,Indiana University Maurer School of Law,100
326,Tomiko Brown-Nagin,Tomiko Brown-Nagin,Harvard ,Harvard Law School,100
327,Tomas Gomez-Arostegui,Tomas Gomez-Arostegui,Lewis & Clark ,Lewis and Clark Law School,100
328,Samir Parikh,Samir Parikh,Lewis & Clark ,Lewis and Clark Law School,100
329,Tomiko Brown-Nagin,Tomiko Brown-Nagin,Harvard ,Harvard Law School,100
330,Bret Asbury,Bret Asbury,Drexel ,Drexel University Thomas R. Kline School of Law,100
331,Shontavia Johnson,Shontavia Johnson,Drake ,Drake University Law School,100
332,Miguel Schor,Miguel Schor,Drake ,Drake University Law School,100
333,Sahar Aziz,Sahar Aziz,Rutgers ,Rutgers Law School,100
334,Dennis Kim-Prieto,Dennis Kim-Prieto,Rutgers ,Rutgers Law School,100
335,Shaakirrah Sanders,Shaakirrah Sanders,Idaho ,University of Idaho College of Law,100
336,Aaron Taylor,Aaron Taylor,St. Louis ,Saint Louis University School of Law,100
337,Sanjay Chhablani,Sanjay Chhablani,Syracuse ,Syracuse University College of Law,100
338,Phoenix Cai,Phoenix Cai,Denver ,University of Denver Sturm College of Law,100
339,Bernard Chao,Bernard Chao,Denver ,University of Denver Sturm College of Law,100
340,Nancy Leong,Nancy Leong,Denver ,University of Denver Sturm College of Law,100
