,First Name,Last Name,School,AALS Name,AALS School,Fuzz List
0,Jasmine C.,Abdel-Khalik,Mo.-Kan. City ,Jasmine Abdel-Khalik,University of Missouri-Kansas City School of Law,93
1,Daniel,Abebe,Univ. of Chicago ,Daniel Abebe,"The University of Chicago, The Law School",100
2,Alice G.,Abreu,Temple ,Alice Abreu,"Temple University, James E. Beasley School of Law",88
3,William J.,Aceves,Cal. Western ,William Aceves,California Western School of Law,90
4,E. Tendayi,Achiume,U.C.L.A. ,E. Tendayi Achiume,"University of California, Los Angeles School of Law",100
5,Edward S.,Adams,Minnesota ,Edward Adams,University of Minnesota Law School,89
6,Adeno,Addis,Tulane ,Adeno Addis,Tulane University Law School,100
7,Afra,Afsharipour,UC Davis,Afra Afsharipour,"University of California, Davis, School of Law",100
8,Robert B.,Ahdieh,Texas A&M ,Robert Ahdieh,Texas A&M University School of Law,90
9,Nadia,Ahmad,Barry ,Nadia Ahmad,Barry University Dwayne O. Andreas School of Law,100
10,Aziza,Ahmed,Northeastern ,Aziza Ahmed,Northeastern University School of Law,100
11,Susan Musarrat,Akram,Boston Univ. ,Susan Akram,Boston University School of Law,71
12,Richard,Albert,Univ. of Texas ,Richard Albert,The University of Texas School of Law,100
13,Raquel E.,Aldana,UC Davis,Raquel Aldana,"University of California, Davis, School of Law",90
14,Mark C.,Alexander,Villanova ,Mark Alexander,Villanova University Charles Widger School of Law,90
15,Alena M.,Allen,Memphis ,Alena Allen,"The University of Memphis, Cecil C. Humphreys School of Law",88
16,Alicia,Alvarez,Michigan ,Alicia Alvarez,The University of Michigan Law School,100
17,Jose E.,Alvarez,New York Univ ,Jose Alvarez,New York University School of Law,89
18,Cheryl E.,Amana-Burris,North Car. Central ,Cheryl Amana-Burris,North Carolina Central University School of Law,93
19,Vikram D.,Amar,Illinois ,Vikram Amar,University of Illinois College of Law,88
20,Rachel J.,Anderson,Nevada Las Vegas,Rachel Anderson,"University of Nevada, Las Vegas, William S. Boyd School of Law",91
21,Troy J. H.,Andrade,Hawaii ,Troy Andrade,"University of Hawaii, William S. Richardson School of Law",80
22,Ruby,Andrew,Southern Univ. ,Ruby Andrew,Southern University Law Center,100
23,Albertina,Antognini,Univ. of Ariz. ,Albertina Antognini,The University of Arizona James E. Rogers College of Law,100
24,Roberto P.,Aponte-Toro,Puerto Rico ,NA,NA,0
25,William D.,Araiza,Brooklyn ,William Araiza,Brooklyn Law School,90
26,Pauline M.,Aranas,Southern Cal. ,NA,NA,0
27,Cindy I. T.,Archer,Loyola Los Angeles,Cindy Archer,"Loyola Law School, Los Angeles",80
28,Fabio Jr.,Arcila,Touro,Fabio Arcila,"Touro College, Jacob D. Fuchsberg Law Center",86
29,Paula,Arias,Miami ,Paula Arias,University of Miami School of Law,100
30,Enrique,Armijo,Elon ,Enrique Armijo,Elon University School of Law,100
31,Andrea,Armstrong,Loyola New Orl.,Andrea Armstrong,Loyola University New Orleans College of Law,100
32,Bret,Asbury,Drexel ,Bret Asbury,Drexel University Thomas R. Kline School of Law,100
33,Barbara L.,Atwell,Pace ,Barbara Atwell,Pace University Elisabeth Haub School of Law,90
34,Charles,Auffant,Rutgers ,Charles Auffant,Rutgers Law School,100
35,Luis A.,Aviles-Pagan,Puerto Rico ,Luis Aviles-Pagan,University of Puerto Rico School of Law,92
36,Sahar,Aziz,Rutgers ,Sahar Aziz,Rutgers Law School,100
37,George,Bach,New Mexico ,George Bach,University of New Mexico School of Law,100
38,Deepa,Badrinarayana,Chapman ,Deepa Badrinarayana,Chapman University Dale E. Fowler School of Law,100
39,Tae-Ung,Baik,Hawaii ,Tae-Ung Baik,"University of Hawaii, William S. Richardson School of Law",100
40,Kimberly D.,Bailey,Chicago-Kent ,Kimberly Bailey,"Chicago-Kent College of Law, Illinois Institute of Technology",91
41,Shalanda H.,Baker,Northeastern ,Shalanda Baker,Northeastern University School of Law,90
42,Anthony,Baldwin,Mercer ,Anthony Baldwin,Mercer University School of Law,100
43,Sabrina,Balgamwalla,Wayne State ,Sabrina Balgamwalla,Wayne State University Law School,100
44,Alina,Ball,UC Hastings,Alina Ball,"University of California, Hastings College of the Law",100
45,Taunya Lovell,Banks,Maryland ,Taunya Lovell Banks,University of Maryland Francis King Carey School of Law,100
46,Samantha,Barbas,Buffalo ,Samantha Barbas,"University at Buffalo School of Law, The State University of New York",100
47,Z. Jill,Barclift,Mitchell Hamline ,Z. Jill Barclift,Mitchell Hamline School of Law,100
48,Kristen,Bames,Akron ,NA,NA,0
49,Mario L.,Barnes,Wash. Seattle,Mario Barnes,University of Washington School of Law,89
50,Priya,Baskaran,W. Va. Univ. ,Priya Baskaran,West Virginia University College of Law,100
51,Rishi,Batra,Texas Tech ,Rishi Batra,Texas Tech University School of Law,100
52,Teri D,Baxter,Tennessee ,Teri Baxter,University of Tennessee College of Law,92
53,Jeannine,Bell,Ind. Maurer,Jeannine Bell,Indiana University Maurer School of Law,100
54,Monica C.,Bell,Yale ,Monica Bell,Yale Law School,88
55,Patricia W.,Bennett,Mississippi Coll. ,Patricia Bennett,Mississippi College School of Law,91
56,Allison K.,Bethel,John Marshall ,Allison Bethel,UIC John Marshall Law School,90
57,Raj,Bhala,Kansas ,Raj Bhala,University of Kansas School of Law,100
58,Elise C.,Boddie,Rutgers ,Elise Boddie,Rutgers Law School,89
59,Craig M.,Boise,Syracuse ,Craig Boise,Syracuse University College of Law,88
60,Anastasia M.,Boles,Ark. Little Rock ,Anastasia Boles,"University of Arkansas at Little Rock, William H. Bowen School of Law",91
61,Alexander A,Boni-Saenz,Chicago-Kent ,Alexander Boni-Saenz,"Chicago-Kent College of Law, Illinois Institute of Technology",95
62,Nicola,Boothe Perry,Florida A&M ,Nicola Boothe Perry,Florida A&M University College of Law,100
63,Cristina,Borde,Wisconsin ,Cristina Borde,University of Wisconsin Law School,100
64,Richard A.,Boswell,UC Hastings,Richard Boswell,"University of California, Hastings College of the Law",91
65,Nikolas,Bowie,Harvard ,Nikolas Bowie,Harvard Law School,100
66,Rene,Bowser,St. Thomas-Mpls. ,Richard Bowser,Campbell University Norman Adrian Wiggins School of Law,64
67,Marie,Boyd,South Carolina ,Marie Boyd,University of South Carolina School of Law,100
68,Spencer H.,Boyer,Howard ,Spencer Boyer,Howard University School of Law,90
69,Francis A.,Boyle,Illinois ,Francis Boyle,University of Illinois College of Law,90
70,David A.,Brennen,Kentucky ,David Brennen,University of Kentucky College of Law,90
71,Sara,Bronin,Connecticut ,Sara Bronin,University of Connecticut School of Law,100
72,Carol N.,Brown,Richmond ,Carol Brown,The University of Richmond School of Law,88
73,Karen B.,Brown,George Washington ,Karen Brown,The George Washington University Law School,88
74,Kevin D.,Brown,Ind. Maurer,Kevin Brown,Indiana University Maurer School of Law,88
75,Stephanie Y.,Brown,Dist. of Columbia ,Stephanie Brown,"University of the District of Columbia, David A. Clarke School of Law",91
76,Vanessa S.,Browne-Barbour,South Texas Houston ,Vanessa Browne-Barbour,South Texas College of Law Houston,94
77,Tomiko,Brown-Nagin,Harvard ,Tomiko Brown-Nagin,Harvard Law School,100
78,Alexia,Brunet Marks,Colorado ,Alexia Brunet Marks,University of Colorado Law School,100
79,Lolita K.,Buckner Inniss,Southern Methodist ,Lolita Buckner Inniss,"Southern Methodist University, Dedman School of Law",93
80,Jessie W.,Burchfield,Ark. Little Rock ,Jessie Burchfield,"University of Arkansas at Little Rock, William H. Bowen School of Law",92
81,Alafair S.,Burke,Hofstra ,Alafair Burke,Maurice A. Deane School of Law at Hofstra University,90
82,Maxine,Burkett,Hawaii ,Maxine Burkett,"University of Hawaii, William S. Richardson School of Law",100
83,Margaret A.,Burnham,Northeastern ,Margaret Burnham,Northeastern University School of Law,91
84,Jay,Butler,William & Mary ,Jay Butler,William & Mary Law School,100
85,Paul,Butler,Georgetown ,Paul Butler,Georgetown University Law Center,100
86,Keith J.,Bybee,Syracuse ,Keith Bybee,Syracuse University College of Law,88
87,Phoenix,Cai,Denver ,Phoenix Cai,University of Denver Sturm College of Law,100
88,Terrence,Cain,Ark. Little Rock,Terrence Cain,"University of Arkansas at Little Rock, William H. Bowen School of Law",100
89,Alejandro E.,Camacho,Cal. Irvine,Alejandro Camacho,"University of California, Irvine School of Law",92
90,Christopher Ruiz,Cameron,Southwestern ,Christopher Cameron,Southwestern Law School,88
91,Ann M.,Cammett,CUNY ,Ann Cammett,City University of New York School of Law,88
92,Paul F.,Campos,Colorado ,Paul Campos,University of Colorado Law School,88
93,Sergio J.,Campos,Miami ,Sergio Campos,University of Miami School of Law,90
94,Charles E.,Cantu,St Mary’s,Charles Auffant,Rutgers Law School,71
95,Lan,Cao,Chapman ,Lan Cao,Chapman University Dale E. Fowler School of Law,100
96,Bennett,Capers,Brooklyn ,Bennett Capers,Brooklyn Law School,100
97,Kirsten Matoy,Carlson,Wayne state ,Kirsten Carlson,Wayne State University Law School,83
98,Montre Denise,Carodine,Alabama ,Montre Carodine,University of Alabama School of Law,81
99,Gilbert Paul,Carrasco,Willamette ,Gilbert Carrasco,Willamette University College of Law,86
100,Stephen L.,Carter,Yale ,Stephen Carter,Yale Law School,90
101,W. B.,Carter,George Washington ,W. Carter,The George Washington University Law School,86
102,Larry,Cata Backer,Penn State Law ,Larry Cata Backer,The Pennsylvania State University – Penn State Law,100
103,Eunice M.,Caussade,Florida A&M ,Eunice Caussade,Florida A&M University College of Law,91
104,Jennifer M.,Chacon,U.C.L.A. ,Jennifer Chacon,"University of California, Los Angeles School of Law",91
105,Henry L.,Chambers,Jr. Richmtmd ,Henry Chambers,The University of Richmond School of Law,90
106,Kim D.,Chanbonpin,John Marshall ,Kim Chanbonpin,UIC John Marshall Law School,90
107,Felix B.,Chang,Cincinnati ,Felix Chang,University of Cincinnati College of Law,88
108,Robert S.,Chang,Seattle ,Robert Chang,Seattle University School of Law,89
109,Stewart,Chang,Whittier ,Stewart Chang,Whittier Law School,100
110,Bernard,Chao,Denver ,Bernard Chao,University of Denver Sturm College of Law,100
111,Matthew H.,Charily,Western New England ,NA,NA,0
112,Guy-Uriel E.,Charles,Duke ,Guy-Uriel Charles,Duke University School of Law,92
113,Carliss N,Chatman,Northern Illinois ,Carliss Chatman,Washington and Lee University School of Law,94
114,Alan K.,Chen,Denver ,Alan Chen,University of Denver Sturm College of Law,86
115,Frederick Tse'shyang,Chen,Quinnipiac Univ. ,Frederick Chen,Quinnipiac University School of Law,72
116,Ming Hsu,Chen,Colorado ,Ming Chen,University of Colorado Law School,82
117,Richard,Chen,Maine ,Richard Chen,University of Maine School of Law,100
118,Ronald K.,Chen,Rutgers ,Ronald Chen,Rutgers Law School,88
119,Pat K.,Chew,Pittsburgh ,Pat Chew,University of Pittsburgh School of Law,84
120,Sanjay,Chhablani,Syracuse ,Sanjay Chhablani,Syracuse University College of Law,100
121,Gabriel “Jack”,Chin,UC Davis,Gabriel Chin,"University of California, Davis, School of Law",77
122,Stuart,Chinn,Oregon ,Stuart Chinn,University of Oregon School of Law,100
123,Tuneen,Chisolm,Campbell ,Tuneen Chisolm,Campbell University Norman Adrian Wiggins School of Law,100
124,Sungjoon,Cho,Chicago-Kent ,Sungjoon Cho,"Chicago-Kent College of Law, Illinois Institute of Technology",100
125,Margaret,Chon,Seattle ,Margaret Chon,Seattle University School of Law,100
126,Cyra A.,Choudhury,Florida Intl ,Cyra Choudhury,Florida International University College of Law,90
127,Brietta R.,Clark,Loyola Los Angeles,Brietta Clark,"Loyola Law School, Los Angeles",90
128,Hunter R.,Clark,Drake ,Hunter Clark,Drake University Law School,89
129,Sherman J.,Clark,Michigan ,Sherman Clark,The University of Michigan Law School,90
130,C. Antoinette,Clarke,Ohio Northern ,Annette Clark,Seattle University School of Law,79
131,Khelani,Clay,American ,Khelani Clay,"American University, Washington College of Law",100
132,Kimberly,Cogdell Boies,North Car. Central ,Kimberly Cogdell Boies,North Carolina Central University School of Law,100
133,Juscelino F.,Colares,Case Western Res. ,Juscelino Colares,Case Western Reserve University School of Law,92
134,Robin M.,Collin,Willamette ,Robin Collin,Willamette University College of Law,89
135,Lauren M.,Collins,Cleve.-Marshall ,Lauren Collins,Cleveland-Marshall College of Law at Cleveland State University,90
136,Jeffrey M.,Colon,Fordham ,Jeffrey Colon,Fordham University School of Law,90
137,Fernando,Colon-Navarro,Texas Southern ,Fernando Colon-Navarro,Texas Southern University Thurgood Marshall School of Law,100
138,Amanda (Pecchioni),Compton,Charleston ,Amanda Compton,Charleston School of Law,70
139,Jorge,Contesse,Rutgers ,Jorge Contesse,Rutgers Law School,100
140,Celesiina L.,Contreras,Texas A&M ,Celestina Contreras,Texas A&M University School of Law,88
141,Jorge L.,Contreras,Utah ,Jorge Contreras,"University of Utah, S. J. Quinney College of Law",91
142,Frank Rudy,Cooper,Suffolk ,Frank Rudy Cooper,Suffolk University Law School,100
143,Tanya Asim,Cooper,Pepperdine ,Tanya Cooper,Pepperdine University School of Law,83
144,Charlton C.,Copeland,Miami ,Charlton Copeland,University of Miami School of Law,92
145,Roberto L.,Corrada,Denver ,Roberto Corrada,University of Denver Sturm College of Law,91
146,Nathan,Cortez,Southern Methodist ,Nathan Cortez,"Southern Methodist University, Dedman School of Law",100
147,Robert J.,Cottrol,George Washington ,Robert Cottrol,The George Washington University Law School,90
148,William,Covington,Wash. Seattle,William Covington,University of Washington School of Law,100
149,Phyliss C.,Craig-Taylor,North Car. Central ,Phyliss Craig-Taylor,North Carolina Central University School of Law,93
150,Barbara,Creel,New Mexico ,Barbara Creel,University of New Mexico School of Law,100
151,Andrew M.,Crespo,Harvard ,Andrew Crespo,Harvard Law School,90
152,Maria P.,Crist,Dayton ,Maria Crist,University of Dayton School of Law,88
153,Lisa A.,Crooms-Robinson,Howard ,Lisa Crooms-Robinson,Howard University School of Law,93
154,Patience A.,Crowder,Denver ,Patience Crowder,University of Denver Sturm College of Law,91
155,Loyola,Crusto. Mitchell F,New Orl. ,NA,NA,0
156,David B.,Cruz,Southern Cal. ,David Cruz,University of Southern California Gould School of Law,87
157,Gilda,Daniels,Baltimore ,Gilda Daniels,University of Baltimore School of Law,100
158,Okianer Christian,Dark,Howard ,Okianer Christian Dark,Howard University School of Law,100
159,Adrienne D.,Davis,Wash. St. Louis,Adrienne Davis,Washington University in St. Louis School of Law,90
160,Angela J.,Davis,American ,Angela Davis,"American University, Washington College of Law",89
161,Kevin E.,Davis,New York Univ ,Kevin Davis,New York University School of Law,88
162,Peggy Cooper,Davis,New York Univ ,Peggy Davis,New York University School of Law,76
163,Timothy,Davis,Wake Forest ,Timothy Davis,Wake Forest University School of Law,100
164,April Gordon,Dawson,North Car. Central ,April Gordon Dawson,North Carolina Central University School of Law,100
165,Frank E.,Deale,CUNY ,Frank Deale,City University of New York School of Law,88
166,Steven A.,Dean,Brooklyn ,Steven Dean,Brooklyn Law School,88
167,Sarah,Deer,Kansas ,NA,NA,0
168,James M.,Delaney,Wyoming ,James Delaney,University of Wyoming College of Law,90
169,Phillip E.,DeLaTorre,Kansas ,Phillip DeLaTorre,University of Kansas School of Law,92
170,Connie M.V.,de la Vega,San Francisco ,Connie de la Vega,University of San Francisco School of Law,87
171,Richard,Delgado,Alabama ,Richard Delgado,University of Alabama School of Law,100
172,Andrea L.,Dennis,Georgia ,Andrea Dennis,University of Georgia School of Law,90
173,Diane,Desierto,Hawaii ,Diane Desierto,"University of Hawaii, William S. Richardson School of Law",100
174,Dhammika,Dharmapala,Univ. of Chicago ,Dhammika Dharmapala,"The University of Chicago, The Law School",100
175,Raymond T.,Diamond,LSU ,Raymond Diamond,"Louisiana State University, Paul M. Hebert Law Center",91
176,J. Herbie,DiFonzo,Hofstra ,J. Herbie DiFonzo,Maurice A. Deane School of Law at Hofstra University,100
177,Ryan D,Doerfler,Pennsylvania ,Ryan Doerfler,University of Pennsylvania Law School,93
178,Raff,Donelson,LSU ,Raff Donelson,"Louisiana State University, Paul M. Hebert Law Center",100
179,Justin A.,Driver,Univ. of Chicago ,Justin Driver,Yale Law School,90
180,Veena,Dubal,UC Hastings ,Veena Dubal,"University of California, Hastings College of the Law",100
181,Jon C.,Dubin,Rutgers ,Jon Dubin,Rutgers Law School,86
182,Adriana,Duffy-Horling,Santa Clara ,Adriana Duffy-Horling,Santa Clara University School of Law,100
183,Olympia R.,Duhart,Nova Southeastern ,Olympia Duhart,Nova Southeastern University Shepard Broad College of Law,90
184,Ariel E.,Dulitzky,Univ of Texas,Ariel Dulitzky,The University of Texas School of Law,90
185,Meredith J.,Duncan,Houston Law Cntr. ,Meredith Duncan,University of Houston Law Center,91
186,Emeka A.,Duruigbo,Texas Southern ,Emeka Duruigbo,Texas Southern University Thurgood Marshall School of Law,90
187,Rashmi,Dyal-Chand,Northeastern ,Rashmi Dyal-Chand,Northeastern University School of Law,100
188,Maurice R.,Dyson,Thomas Jefferson ,NA,NA,0
189,Angelique W,EagleWoman,Mitchell Hamline ,Angelique EagleWoman,Mitchell Hamline School of Law,95
190,Allen K.,Easley,Western state ,Allen Easley,Western State College of Law at Westcliff University,89
191,Tabrez,Ebrahim,Cal. Western ,Tabrez Ebrahim,California Western School of Law,100
192,George E.,Edwards,Ind. McKinney,George Edwards,Indiana University Robert H. McKinney School of Law,90
193,Malik,Edwards,North Car. Central ,Malik Edwards,North Carolina Central University School of Law,100
194,Pamela,Edwards,CUNY ,Pamela Edwards,City University of New York School of Law,100
195,Monika U.,Ehrman,Univ. of Oklahoma ,Monika Ehrman,University of Oklahoma College of Law,90
196,Einer R.,Elhauge,Harvard ,Einer Elhauge,Harvard Law School,90
197,Atiba R.,Ellis,Marquette ,Atiba Ellis,Marquette University Law School,88
198,Lia,Epperson,American ,Lia Epperson,"American University, Washington College of Law",100
199,JoAnne A.,Epps,Temple ,JoAnne Epps,"Temple University, James E. Beasley School of Law",88
200,Sheldon A.,Evans,St John’s ,Sheldon Evans,St. John's University School of Law,90
201,Tonya M.,Evans,New Hampshire ,Tonya Evans,University of New Hampshire School of Law,88
202,Uche,Ewelukwa,Ark. Fayetteville,Uche Ewelukwa,"University of Arkansas, Fayetteville, Robert A. Leflar Law Center",100
203,Bryan Keith,Fair,Alabama ,Bryan Fair,University of Alabama School of Law,77
204,Edward A.,Fallone,Marquette ,Edward Fallone,Marquette University Law School,90
205,Jennifer,Fan,Wash. Seattle,Jennifer Fan,University of Washington School of Law,100
206,Mary D.,Fan,Wash.. Seattle ,Mary Fan,University of Washington School of Law,84
207,Anthony Paul,Farley,Albany ,Anthony Farley,Albany Law School,85
208,Vicenc,Feliu,Nova Southeastern ,NA,NA,0
209,Patty,Ferguson-Bohnee,Ariz. state ,Patty Ferguson-Bohnee,Arizona State University Sandra Day O'Connor College of Law,100
210,Laura,Fernandez,Ohio state ,Laura Fernandez,"The Ohio State University, Michael E. Moritz College of Law",100
211,Ramona G,Fernandez,Loyola. New Orl. ,Ramona Fernandez,Loyola University New Orleans College of Law,94
212,Matthew L.M.,Fletcher,Mich. state ,Matthew Fletcher,Michigan State University College of Law,86
213,M. Anthony,Flores,WMU-Cooley ,M. Anthony Flores,Western Michigan University Thomas M. Cooley Law School,100
214,Robert L.,Flores,Utah ,Robert Flores,"University of Utah, S. J. Quinney College of Law",90
215,Rodney O.,Fong,John Marshall ,Rodney Fong,UIC John Marshall Law School,88
216,Jessica,Fonseca-Nader,St. Thomas ,Jessica Fonseca-Nader,St. Thomas University School of Law,100
217,Richard T.,Ford,Stanford ,Richard Ford,Stanford Law School,89
218,Kim,Forde-Mazrui,Univ. of Va. ,Kim Forde-Mazrui,University of Virginia School of Law,100
219,James Jr.,Forman,Yale ,James Forman,Yale Law School,86
220,Susan S.,Fortney,Texas A&M ,Susan Fortney,Texas A&M University School of Law,90
221,Demetria D.,Frank,Memphis ,Demetria Frank,"The University of Memphis, Cecil C. Humphreys School of Law",90
222,Bernard K.,Freamon,Seton Hall ,Bernard Freamon,Seton Hall University School of Law,91
223,Angelique,Fridman,Florida Int'l ,Angelique Fridman,Florida International University College of Law,100
224,Erin C.,Fuse Brown,Georgia State ,Erin Fuse Brown,Georgia State University College of Law,91
225,Theresa A.,Gabaldon,George Washington ,Theresa Gabaldon,The George Washington University Law School,91
226,Jose M.,Gabilondo,Florida Int'l ,Jose Gabilondo,Florida International University College of Law,90
227,Raquel,Gabriel,CUNY ,Raquel Gabriel,City University of New York School of Law,100
228,K. W.,Gaines,South Carolina ,K. Gaines,University of South Carolina School of Law,86
229,Alfredo,Garcia,St. Thomas ,Alfredo Garcia,St. Thomas University School of Law,100
230,Kristelia,Garcia,Colorado ,Kristelia Garcia,University of Colorado Law School,100
231,Ruben J.,Garcia,Nevada Las Vegas,Ruben Garcia,"University of Nevada, Las Vegas, William S. Boyd School of Law",89
232,Antonio R.,Garcia-Padilla,Puerto Rico ,Antonio Garcia-Padilla,University of Puerto Rico School of Law,94
233,Emily S.,Garcia Uhrig,McGeorge ,Emily Garcia Uhrig,"University of the Pacific, McGeorge School of Law",92
234,Trevor,Gardner,Wash. Seattle,Trevor Gardner,Washington University in St. Louis School of Law,100
235,Nira,Geevargis,San Francisco ,Nira Geevargis,University of San Francisco School of Law,100
236,Rafael,Gely,Missouri ,Rafael Gely,University of Missouri School of Law,100
237,Erika,George,Utah ,Erika George,"University of Utah, S. J. Quinney College of Law",100
238,Jeannie Suk,Gersen,Harvard ,Jeannie Gersen,Harvard Law School,88
239,Ahmed,Ghappour,Boston Univ. ,Ahmed Ghappour,Boston University School of Law,100
240,Llewellyn J.,Gibbons,Toledo ,Llewellyn Gibbons,University of Toledo College of Law,92
241,Brenda D.,Gibson,North Car. Central ,Brenda Gibson,North Carolina Central University School of Law,90
242,Angela,Gilmore,North Car. Central ,Angela Gilmore,North Carolina Central University School of Law,100
243,Ronnie R. Jr.,Gipson,LaVerne ,Ronnie Gipson,University of La Verne College of Law,79
244,Jonathan D.,Glater,Cal. Irvine,Jonathan Glater,"University of California, Irvine School of Law",91
245,Pamela S.,Glean,North Car. Central ,Pamela Glean,North Carolina Central University School of Law,89
246,Miriam,Gohara,Yale ,Miriam Gohara,Yale Law School,100
247,Laura E.,Gomez,U.C.L.A. ,Laura Gomez,"University of California, Los Angeles School of Law",88
248,Manuel A,Gomez,Florida Int'l ,Juan Gomez,Florida International University College of Law,67
249,Tomas,Gomez-Arostegui,Lewis & Clark ,Tomas Gomez-Arostegui,Lewis and Clark Law School,100
250,Natalie M.,Gomez-Velez,CUNY ,Natalie Gomez-Velez,City University of New York School of Law,93
251,Mariana H.C.,Gonstead,St. Thomas-Mpls. ,Mariana Gonstead,University of St. Thomas School of Law,86
252,Jasmine B.,Gonzales Rose,Pittsburgh ,Jasmine Gonzales Rose,University of Pittsburgh School of Law,93
253,Carmen G,Gonzalez,Seattle ,Carmen Gonzalez,University of Houston Law Center,94
254,Carmen G.,Gonzalez,Houston Law Cntr. ,Carmen Gonzalez,University of Houston Law Center,91
255,Marc-Tizoc,Gonzalez,St. Thomas ,Marc-Tizoc Gonzalez,St. Thomas University School of Law,100
256,Victor M.,Goode,CUNY ,Victor Goode,City University of New York School of Law,89
257,Christine Chambers,Goodman,Pepperdine ,Christine Goodman,Pepperdine University School of Law,79
258,Michele,Goodwin,Cal. Irvine,Michele Goodwin,"University of California, Irvine School of Law",100
259,Richard K.,Gordon,Case Western Res. ,Richard Gordon,Case Western Reserve University School of Law,90
260,Ruth E.,Gordon,Villanova ,Ruth Gordon,Villanova University Charles Widger School of Law,88
261,Darlene C.,Goring,LSU ,Darlene Goring,"Louisiana State University, Paul M. Hebert Law Center",90
262,Neil T,Gotanda,Western state ,Neil Gotanda,Western State College of Law at Westcliff University,92
263,Michael Z.,Green,Texas A&M ,Michael Green,Texas A&M University School of Law,90
264,Sally Terry,Green,Texas Southern ,Sally Green,Texas Southern University Thurgood Marshall School of Law,79
265,Shelby D.,Green,Pace ,Shelby Green,Pace University Elisabeth Haub School of Law,89
266,Jamal,Greene,Columbia ,Jamal Greene,Columbia Law School,100
267,Kevin J.,Greene,Thomas Jefferson ,Kevin Greene,Thomas Jefferson School of Law,89
268,Wendy,Greene,Samford ,Wendy Gordon,Boston University School of Law,75
269,Michael J,Greenlee,Concordia ,Michael Greenlee,Concordia University School of Law,94
270,David,Grenardo,St. Mary's ,David Grenardo,St. Mary's University of San Antonio School of Law,100
271,David,Grewal,Yale ,David Grewal,Yale Law School,100
272,Marsha,Griggs,Washburn ,Marsha Griggs,Washburn University School of Law,100
273,Pratheepan,Gulasekaram,Santa Clara ,Pratheepan Gulasekaram,Santa Clara University School of Law,100
274,Anjum,Gupta,Rutgers ,Anjum Gupta,Rutgers Law School,100
275,Jimmy,Gurule,Notre Dame ,Jimmy Gurule,Notre Dame Law School,100
276,Lakshman D.,Guruswamy,Colorado ,Lakshman Guruswamy,University of Colorado Law School,92
277,Kaaryn S,Gustafson,Cal. Irvine ,Kaaryn Gustafson,"University of California, Irvine School of Law",94
278,Katheleen R.,Guzman,Univ. of Oklahoma ,Katheleen Guzman,University of Oklahoma College of Law,91
279,Phoebe A.,Haddon,Rutgers ,Phoebe Haddon,Rutgers Law School,90
280,Sam,HaJabi,Missouri ,NA,NA,0
281,Vivian E.,Hamilton,William & Mary ,Vivian Hamilton,William & Mary Law School,91
282,Gautam,Hans,Vanderbilt ,Gautam Hans,Vanderbilt University Law School,100
283,Roberta M.,Harding,Kentucky ,Roberta Harding,University of Kentucky College of Law,91
284,Vinay,Harpalani,John Marshall Atlanta,Vinay Harpalani,Atlanta's John Marshall Law School,100
285,Angela P.,Harris,UC Davis,Angela Harris,"University of California, Davis, School of Law",90
286,Jasmine Elwick,Harris,UC Davis,Jasmine Harris,"University of California, Davis, School of Law",80
287,Zelda B.,Harris,Loyola Chicago,Zelda Harris,Loyola University Chicago School of Law,89
288,Keith M.,Harrison,John Marshall Atlanta,Keith Harrison,Atlanta's John Marshall Law School,90
289,Danielle K.,Hart,Southwestern ,Danielle Hart,Southwestern Law School,90
290,Hosea H.,Harvey,Temple ,Hosea Harvey,"Temple University, James E. Beasley School of Law",89
291,Dean M.,Hashimoto,Boston Coll. ,Dean Hashimoto,Boston College Law School,90
292,Renee,Hatcher,John Marshall ,Renee Hatcher,UIC John Marshall Law School,100
293,Cynthia G.,Hawkins,Stetson ,Cynthia Hawkins,Stetson University College of Law,91
294,Andrew,Hayashi,Univ. of Va. ,Andrew Hayashi,University of Virginia School of Law,100
295,Taja-Nia Y.,Henderson,Rutgers ,Taja-Nia Henderson,Rutgers Law School,92
296,Carl,Hernandez,III. Brigham Young ,Carl Hernandez,"Brigham Young University, J. Reuben Clark Law School",100
297,John F.,Hernandez,St. Thomas ,John Hernandez,St. Thomas University School of Law,90
298,Tanya Kateri,Hernandez,Fordham ,Tanya Hernandez,Fordham University School of Law,81
299,Berta E.,Hcmandez-Truyol,Univ. of Florida ,NA,NA,0
300,Luz E.,Herrera,Texas A&M ,Luz Herrera,Texas A&M University School of Law,88
301,Maurice Y. Jr.,Hew,Texas Southern ,Maurice Hew,Texas Southern University Thurgood Marshall School of Law,76
302,F. Michael,Higginbotham,Baltimore ,F. Higginbotham,University of Baltimore School of Law,79
303,David S.,Hill,Colorado ,David Hill,University of Colorado Law School,87
304,Laila L.,Hlass,Tulane ,Laila Hlass,Tulane University Law School,88
305,Cynthia M.,Ho,Loyola Chicago,Cynthia Ho,Loyola University Chicago School of Law,87
306,Daniel E.,Ho,Stanford ,Daniel Ho,Stanford Law School,86
307,Edith,Ho,San Francisco ,Edith Ho,University of San Francisco School of Law,100
308,Jeremiah A,Ho,Mass. Dartmouth ,Jeremiah Ho,University of Massachusetts School of Law - Dartmouth,92
309,Steven H.,Hobbs,Alabama ,Steven Hobbs,University of Alabama School of Law,89
310,Gilbert A.,Holmes,La Verne ,Gilbert Holmes,University of La Verne College of Law,90
311,Kimberly Y.W.,Holst,Ariz. stale ,Kimberly Holst,Arizona State University Sandra Day O'Connor College of Law,85
312,Emily M.S.,Houh,Cincinnati ,Emily Houh,University of Cincinnati College of Law,80
313,Derrick,Howard,Valparaiso ,Derrick Howard,Valparaiso University Law School,100
314,Roman J.,Hoyos,Southwestern ,Roman Hoyos,Southwestern Law School,88
315,Shi-Ling,Hsu,Fla. state ,Shi-Ling Hsu,Florida State University College of Law,100
316,Robert H.,Hu,St. Mary's ,Robert Hu,St. Mary's University of San Antonio School of Law,86
317,Peter H.,Huang,Colorado ,Peter Huang,University of Colorado Law School,88
318,James B. Jr.,Hughes,Emory ,James Hughes,Emory University School of Law,77
319,Joyce A.,Hughes,Northwestern ,Joyce Hughes,Northwestern University Pritzker School of Law,89
320,Richard E.,Humphrey,Ind. McKinney,Richard Humphrey,Indiana University Robert H. McKinney School of Law,91
321,Cecil J.,Hunt II,II. John Marshall ,Cecil Hunt II,UIC John Marshall Law School,90
322,Darren Lenard,Hutchinson,Univ. of Florida ,Darren Hutchinson,University of Florida Fredric G. Levin College of Law,83
323,Keith Norman,Hylton,Boston Univ. ,Keith Hylton,Boston University School of Law,77
324,Maria O’Brien,Hylton,Boston Univ. ,Maria Hylton,Boston University School of Law,75
325,Nicole,lannarone,Georgia state ,NA,NA,0
326,Anthony C.,Ikwueme,Liberty ,Anthony Ikwueme,Liberty University School of Law,91
327,John,Inazu,Wash. St. Louis,John Inazu,Washington University in St. Louis School of Law,100
328,Joseph M.,Isanga,Concordia ,Joseph Isanga,Concordia University School of Law,90
329,Darrell D.,Jackson,Wyoming ,Darrell Jackson,University of Wyoming College of Law,91
330,Janet Thompson,Jackson,Washburn ,Janet Jackson,Washburn University School of Law,74
331,Cheyanna,Jaffke,Western state ,Cheyanna Jaffke,Western State College of Law at Westcliff University,100
332,Bernard,James,Pepperdine ,Bernard James,Pepperdine University School of Law,100
333,Michael C.,James,Texas Southern ,Michael James,Texas Southern University Thurgood Marshall School of Law,90
334,Osamudia R.,James,Miami ,Osamudia James,University of Miami School of Law,90
335,Regina Ramsey,James,Southern Univ. ,Regina James,Southern University Law Center,77
336,Regina T.,Jefferson,Cath. Univ. ,Regina Jefferson,"The Catholic University of America, Columbus School of Law",91
337,Jalila,Jefferson-Bullock,Duquesne ,Jalila Jefferson-Bullock,Duquesne University School of Law,100
338,Jamila,Jefferson-Jones,Mo.-Kan. City ,Jamila Jefferson-Jones,University of Missouri-Kansas City School of Law,100
339,Garry W.,Jenkins,Minnesota ,Garry Jenkins,University of Minnesota Law School,90
340,Sarah Howard,Jenkins,Ark. Little Rock,Sarah Jenkins,"University of Arkansas at Little Rock, William H. Bowen School of Law",79
341,Dalie,Jimenez,Cal. Irvine,Philip Jimenez,Santa Clara University School of Law,74
342,Irene,Joe,UC Davis,Irene Joe,"University of California, Davis, School of Law",100
343,Conrad,Johnson,Columbia ,Conrad Johnson,Columbia Law School,100
344,Danne L.,Johnson,Oklahoma City ,Danne Johnson,Oklahoma City University School of Law,90
345,George Robert Jr.,Johnson,Elon ,George Johnson,Elon University School of Law,72
346,Olatunde C.,Johnson,Columbia ,Olatunde Johnson,Columbia Law School,91
347,Randall K.,Johnson,Mississippi Coll. ,Randall Johnson,Mississippi College School of Law,91
348,Shontavia,Johnson,Drake ,Shontavia Johnson,Drake University Law School,100
349,Amos,Jones,Campbell ,Amos Jones,Campbell University Norman Adrian Wiggins School of Law,100
350,Cynthia,Jones,American ,Cynthia Jones,"American University, Washington College of Law",100
351,Jeffrey D.,Jones,Lewis & Clark ,Jeffrey Jones,Lewis and Clark Law School,90
352,Renee M.,Jones,Boston Coll. ,Renee Jones,Boston College Law School,88
353,Robert L.,Jones,Northern Illinois ,Robert Jones,Northern Illinois University College of Law,89
354,Russell L.,Jones,Southern Univ. ,Russell Jones,Southern University Law Center,90
355,Susan R.,Jones,George Washington ,Susan Jones,The George Washington University Law School,88
356,Yolanda,Jones,Florida A&M ,Yolanda Jones,Florida A&M University College of Law,100
357,Thomas W.,Joo,UC Davis,Thomas Joo,"University of California, Davis, School of Law",87
358,Irving L.,Joyner,North Car. Central ,Irving Joyner,North Carolina Central University School of Law,90
359,Jose R.,Juarez,Denver ,Jose Juarez,University of Denver Sturm College of Law,88
360,Anil,Kalhan,Drexel ,Anil Kalhan,Drexel University Thomas R. Kline School of Law,100
361,Jean-Marie,Kamatali,Ohio Northern ,Jean-Marie Kamatali,"Ohio Northern University, Pettit College of Law",100
362,Samuel,Kan,Barry ,Samuel Kan,Barry University Dwayne O. Andreas School of Law,100
363,Helen H.,Kang,Golden Gate ,Helen Kang,Golden Gate University School of Law,87
364,Michael S.,Kang,Northwestern ,Michael Kang,Northwestern University Pritzker School of Law,89
365,Joy,Kanwar,Brooklyn ,Joy Kanwar,Brooklyn Law School,100
366,Alexis,Karteron,Rutgers ,Alexis Karteron,Rutgers Law School,100
367,Sonia K.,Katyal,UC Berkeley,Sonia Katyal,"University of California, Berkeley School of Law",89
368,Sherri Lee,Keene,Maryland ,Sherri Lee Keene,University of Maryland Francis King Carey School of Law,100
369,Latonia Haney,Keith,Concordia ,Latonia Keith,Concordia University School of Law,81
370,Michael J.,Kelly,Creighton ,Michael Kelly,Creighton University School of Law,90
371,Randall L.,Kennedy,Harvard ,Randall Kennedy,Harvard Law School,91
372,Jay,Kesan,Illinois ,Jay Kesan,University of Illinois College of Law,100
373,Catherine Y.,Kim,Univ. of North Car. ,Catherine Cameron,Stetson University College of Law,67
374,Eugene Y.,Kim,San Francisco ,Eugene Kim,University of San Francisco School of Law,87
375,Pauline T.,Kim,Wash. St. Louis,Pauline Kim,Washington University in St. Louis School of Law,88
376,Rosa,Kim,Suffolk ,Rosa Kim,Suffolk University Law School,100
377,Sung Eun (Summer),Kim,Cal Irvine,Sung Eun (Summer) Kim,"University of California, Irvine School of Law",100
378,Sung Hui,Kim,U.C.L.A. ,Sung Hui Kim,"University of California, Los Angeles School of Law",100
379,Suzanne A.,Kim,Rutgers ,Suzanne Kim,Rutgers Law School,88
380,Young Ran (Christine),Kim,Utah ,Young Ran (Christine) Kim,"University of Utah, S. J. Quinney College of Law",100
381,Dennis,Kim-Prieto,Rutgers ,Dennis Kim-Prieto,Rutgers Law School,100
382,Dwight B.,King,Jr.. Notre Dame ,Dwight King,Notre Dame Law School,88
383,Patricia A.,King,Georgetown ,Patricia King,Georgetown University Law Center,90
384,Yolanda M.,King,Northern Illinois ,Yolanda King,Northern Illinois University College of Law,89
385,Jessica M.,Kiser,Gonzaga ,Jessica Kiser,Gonzaga University School of Law,90
386,Harold Hongju,Koh,Yale ,Harold Hongju Koh,Yale Law School,100
387,Jennifer L,Koh,Western state ,Jennifer Johnson,Lewis and Clark Law School,73
388,Gowri J.,Krishna,NYLS ,Gowri Krishna,New York Law School,90
389,Anita S.,Krishnakumar,St. John's ,Anita Krishnakumar,St. John's University School of Law,92
390,Elizabeth A.,Kronk Warner,Kansas ,Elizabeth Kronk Warner,University of Kansas School of Law,94
391,Sapna,Kumar,Houston Law Cntr. ,Sapna Kumar,University of Houston Law Center,100
392,Susan S.,Kuo,South Carolina ,Susan Kuo,University of South Carolina School of Law,86
393,Angela Mae,Kupenda,Mississippi Coll. ,Angela Kupenda,Mississippi College School of Law,88
394,Hiroko,Kusuda,Loyola New Orl.,Hiroko Kusuda,Loyola University New Orleans College of Law,100
395,Faisal,Kutty,Valparaiso ,Faisal Kutty,Valparaiso University Law School,100
396,James,Kwak,Connecticut ,James Kwak,University of Connecticut School of Law,100
397,Annie,Lai,Cal Irvine,Annie Lai,"University of California, Irvine School of Law",100
398,Maximo,Langer,U.C.L.A. ,Maximo Langer,"University of California, Los Angeles School of Law",100
399,Lundy R.,Langston,Florida A&M ,Lundy Langston,Florida A&M University College of Law,90
400,Marina L,Lao,Seton Hall ,Marina Lao,Seton Hall University School of Law,91
401,Rogelio A.,Lasso,John Marshall ,Rogelio Lasso,UIC John Marshall Law School,90
402,Mark A.,Latham,Vermont ,Mark Latham,Vermont Law School,88
403,Inga N.,Laurent,Gonzaga ,Inga Laurent,Gonzaga University School of Law,89
404,David S. Wash.,Law,St Louis ,David Law,"University of California, Irvine School of Law",67
405,Charles R.. Ill,Lawrence,Hawaii ,Charles Lawrence,"University of Hawaii, William S. Richardson School of Law",80
406,Julie D.,Lawton,DePaul ,Julie Lawton,DePaul University College of Law,89
407,Avery,Le,Emory ,Harvey Dale,New York University School of Law,53
408,Stephen J.,Leacock,Barry ,Stephen Leacock,Barry University Dwayne O. Andreas School of Law,91
409,Brant T.,Lee,Akron ,Brant Lee,University of Akron School of Law,86
410,Cynthia,Lee,George Washington ,Cynthia Lee,The George Washington University Law School,100
411,Eumi K.,Lee,UC Hastings,Julia Lee,The Pennsylvania State University – Penn State Law,60
412,Grace S.,Lee,Alabama ,G. Lee,Widener University Commonwealth Law School,67
413,Kevin P.,Lee,Campbell ,Kevin Lee,Campbell University Norman Adrian Wiggins School of Law,86
414,Patricia Hureston,Lee,St. Louis ,Patricia Lee,Saint Louis University School of Law,73
415,Peter,Lee,UC Davis ,Peter Lee,"University of California, Davis, School of Law",100
416,Philip,Lee,Dist. of Columbia ,Philip Lee,"University of the District of Columbia, David A. Clarke School of Law",100
417,Rebecca K.,Lee,Thomas Jefferson ,Rebecca Lee,Thomas Jefferson School of Law,88
418,Robin A.,Lenhardt,Fordham ,Robin Lenhardt,Fordham University School of Law,90
419,Nancy,Leong,Denver ,Nancy Leong,University of Denver Sturm College of Law,100
420,Kevin O,Leske,Barry ,Kevin Leske,Barry University Dwayne O. Andreas School of Law,92
421,Sylvia,Lett,Univ. of Ariz. ,Sylvia Lett,The University of Arizona James E. Rogers College of Law,100
422,Browne C.,Lewis,Cleve.-Marshall ,Browne Lewis,Cleveland-Marshall College of Law at Cleveland State University,89
423,Evelyn A.,Lewis,UC Davis,Evelyn Lewis,"University of California, Davis, School of Law",89
424,Myrisha,Lewis,Howard ,Myrisha Lewis,William & Mary Law School,100
425,Shaundra Keilam,Lewis,Texas Southern ,Shaundra Lewis,Texas Southern University Thurgood Marshall School of Law,80
426,Tracey McCants,Lewis,Duquesne ,Margaret Lewis,Seton Hall University School of Law,59
427,Albert C.,Lin,UC Davis,Albert Lin,"University of California, Davis, School of Law",87
428,Edward J.,Littlejohn,Wayne state ,Edward Littlejohn,Wayne State University Law School,92
429,Joseph P.,Liu,Boston Coll. ,Joseph Liu,Boston College Law School,87
430,Gerald,Lopez,U.C.L.A. ,David Lopez,Rutgers Law School,70
431,Eleanor,Lumsden,Golden Gate ,Eleanor Lumsden,Golden Gate University School of Law,100
432,Erik,Luna,Ariz. state ,Erik Luna,Arizona State University Sandra Day O'Connor College of Law,100
433,Steven J.,Macias,Southern Illinois ,Steven Macias,Southern Illinois University School of Law,90
434,Kenneth W.,Mack,Harvard ,Kenneth Mack,Harvard Law School,89
435,Tracey,Maclin,Boston Univ. ,Tracey Maclin,Boston University School of Law,100
436,Rhonda,Magee,San Francisco ,Rhonda Magee,University of San Francisco School of Law,100
437,Gwendolyn,Majette,Cleve.-Marshall ,Gwendolyn Majette,Cleveland-Marshall College of Law at Cleveland State University,100
438,Medha D,Makhlouf,Penn state Dickinson ,Medha Makhlouf,The Pennsylvania State University – Dickinson Law,93
439,Tiyanjana,Maluwa,Penn state Law ,Tiyanjana Maluwa,The Pennsylvania State University – Penn State Law,100
440,Mohsen,Manesh,Oregon ,Mohsen Manesh,University of Oregon School of Law,100
441,Maya,Manian,San Francisco ,Maya Manian,University of San Francisco School of Law,100
442,Sammy M.,Mansour,Michigan ,Sammy Mansour,The University of Michigan Law School,90
443,Yuri,Mantilla,Liberty ,Yuri Mantilla,Liberty University School of Law,100
444,Terry A.,Maroney,Vanderbilt ,Terry Maroney,Vanderbilt University Law School,90
445,Jenny S.,Martinez,Stanford ,Jenny Martinez,Stanford Law School,90
446,Jose L.,Martinez,New Mexico ,Jose Martinez,University of New Mexico School of Law,90
447,Leo P.,Martinez,UC Hastings,Leo Martinez,"University of California, Hastings College of the Law",89
448,Elena M.,Marty-Nelson,Nova Southeastern ,Elena Marty-Nelson,Nova Southeastern University Shepard Broad College of Law,92
449,Manoj,Mate,Harvard ,NA,NA,0
450,Mari J.,Matsuda,Hawaii ,Mari Matsuda,"University of Hawaii, William S. Richardson School of Law",89
451,Kaiponanea,Matsumura,Ariz. state ,Kaiponanea Matsumura,Arizona State University Sandra Day O'Connor College of Law,100
452,Daniel M.,Mayeda,U.C.L.A. ,Daniel Mayeda,"University of California, Los Angeles School of Law",90
453,Lloyd Hitoshi,Mayer,Notre Dame ,Lloyd Mayer,Notre Dame Law School,73
454,Goldbum P,Maynard,Jr Louisville,Goldburn Maynard,"University of Louisville, Louis D. Brandeis School of Law",85
455,Susan,Maze-Rothstein,Northeastern ,Susan Maze-Rothstein,Northeastern University School of Law,100
456,Russell A.,McClain,Maryland ,Russell McClain,University of Maryland Francis King Carey School of Law,91
457,Harold A.,McDougall,Ill Howard,Harold McDougall,Howard University School of Law,91
458,Audrey G.,McFarlane,Baltimore ,Audrey McFarlane,University of Baltimore School of Law,91
459,Karla M.,McKanders,Vanderbilt ,Karla McKanders,Vanderbilt University Law School,91
460,Estelle,McKee,Cornell ,Estelle McKee,Cornell Law School,100
461,Michelle A.,McKinley,Oregon ,Michelle McKinley,University of Oregon School of Law,92
462,Kim,McLaurin,Suffolk ,Kim McLaurin,Suffolk University Law School,100
463,Willajeanne F.,McLean,Connecticut ,Willajeanne McLean,University of Connecticut School of Law,92
464,Teri,McMurtry-Chubb,Mercer ,Teri McMurtry-Chubb,Mercer University School of Law,100
465,Sharon A.,Meadows,San Francisco ,Sharon Meadows,University of San Francisco School of Law,90
466,M. Isabel,Medina,Loyola New Orl.,M. Medina,Loyola University New Orleans College of Law,72
467,Salil K.,Mehra,Temple ,Salil Mehra,"Temple University, James E. Beasley School of Law",88
468,Hiram A.,Melendez-Juarbe,Puerto Rico ,Hiram Melendez-Juarbe,University of Puerto Rico School of Law,93
469,Michael A.,Middleton,Missouri ,Michael Middleton,University of Missouri School of Law,92
470,Darrell A.H.,Miller,Duke ,Darrell Miller,Duke University School of Law,85
471,Robert J.,Miller,Ariz. state ,Robert Miller,Arizona State University Sandra Day O'Connor College of Law,90
472,Teresa A.,Miller,Buffalo ,Teresa Miller,"University at Buffalo School of Law, The State University of New York",90
473,David,Min,Cal. Irvine ,David Min,"University of California, Irvine School of Law",100
474,S. David,Mitchell,Missouri ,S. David Mitchell,University of Missouri School of Law,100
475,Thomas W.,Mitchell,Texas A&M ,Thomas Mitchell,Texas A&M University School of Law,91
476,Caryn R.,Mitchell-Munevar,New England Law Boston ,Caryn Mitchell-Munevar,New England Law | Boston,94
477,Saira,Mohamed,UC Berkeley,Saira Mohamed,"University of California, Berkeley School of Law",100
478,Seema,Mohapatra,Ind. McKinney,Seema Mohapatra,Indiana University Robert H. McKinney School of Law,100
479,Luz M.,Molina,Loyola New Orl.,Luz Molina,Loyola University New Orleans College of Law,87
480,Richard A.,Monette,Wisconsin ,Richard Monette,University of Wisconsin Law School,91
481,Margaret E.,Montoya,New Mexico ,Margaret Montoya,University of New Mexico School of Law,91
482,William J.,Moon,Maryland ,William Moon,University of Maryland Francis King Carey School of Law,89
483,Martha D.,Moore,WMU-Cooley ,Martha Moore,Western Michigan University Thomas M. Cooley Law School,89
484,Jamelia N,Morgan,Connecticut ,Jamelia Morgan,University of Connecticut School of Law,93
485,Muriel,Morisey,Temple ,Muriel Morisey,"Temple University, James E. Beasley School of Law",100
486,Hiroshi,Motomura,U.C.L.A. ,Hiroshi Motomura,"University of California, Los Angeles School of Law",100
487,Allen R.,Moye,DePaul ,Allen Moye,DePaul University College of Law,87
488,Lateef,Mtima,Howard ,Lateef Mtima,Howard University School of Law,100
489,Kali N.,Murray,Marquette ,Kali Murray,Marquette University Law School,88
490,Melissa E.,Murray,New York Univ ,Melissa Murray,New York University School of Law,90
491,Sharmila,Murthy,Suffolk ,Sharmila Murthy,Suffolk University Law School,100
492,Samuel K.,Murumba,Brooklyn ,Samuel Murumba,Brooklyn Law School,90
493,Kimberly M.,Mutcherson,Rutgers ,Kimberly Mutcherson,Rutgers Law School,93
494,Makau W.,Mutua,Buffalo ,Makau Mutua,"University at Buffalo School of Law, The State University of New York",88
495,Luz Estella,Nagle,Stetson ,Luz Nagle,Stetson University College of Law,69
496,Cynthia E.,Nance,Ark. Fayetteville,Cynthia Nance,"University of Arkansas, Fayetteville, Robert A. Leflar Law Center",90
497,Jyoti,Nanda,U.C.L.A. ,Ved Nanda,University of Denver Sturm College of Law,60
498,Ved P.,Nanda,Denver ,Ved Nanda,University of Denver Sturm College of Law,86
499,Marcia,Narine Weldon,Miami ,Marcia Narine Weldon,University of Miami School of Law,100
500,Ranjana,Natarajan,Univ. of Texas ,Ranjana Natarajan,The University of Texas School of Law,100
501,Odeana R.,Neal,Baltimore ,Odeana Neal,University of Baltimore School of Law,88
502,Clanitra S,Nejdl,Northern Illinois ,Clanitra Nejdl,Northern Illinois University College of Law,93
503,Nise,Nekheba,Florida A&M ,Nise Nekheba,Florida A&M University College of Law,100
504,Lisa H.,Nicholson,Louisville ,Lisa Nicholson,"University of Louisville, Louis D. Brandeis School of Law",90
505,Fernanda Giorgia,Nicola,American ,Fernanda Nicola,"American University, Washington College of Law",79
506,Donna L.,Nixon,Univ. of North Car. ,Donna Nixon,University of North Carolina School of Law,88
507,Kathy S.,Northern,Ohio state ,Kathy Northern,"The Ohio State University, Michael E. Moritz College of Law",90
508,Kimberly J.,Norwood,Wash. St. Louis,Kimberly Norwood,Washington University in St. Louis School of Law,91
509,Jennifer,Nou,Univ. of Chicago ,Jennifer Nou,"The University of Chicago, The Law School",100
510,Ana M.,Novoa,St. Mary's ,Ana Novoa,St. Mary's University of San Antonio School of Law,86
511,D. Carolina,Nunez,Brigham Young ,NA,NA,0
512,Kenneth B.,Nunn,Univ. of Florida ,Kenneth Nunn,University of Florida Fredric G. Levin College of Law,89
513,Jide O.,Nzelibe,Northwestern ,Jide Nzelibe,Northwestern University Pritzker School of Law,89
514,Christiana,Ochoa,Ind. Maurer,Christiana Ochoa,Indiana University Maurer School of Law,100
515,Jason,Oh,U.C.L.A. ,Jason Oh,"University of California, Los Angeles School of Law",100
516,Paul,Ohm,Georgetown ,Paul Ohm,Georgetown University Law Center,100
517,Karl S.,Okamoto,Drexel ,Karl Okamoto,Drexel University Thomas R. Kline School of Law,89
518,Jennifer D.,Oliva,W. Va. Univ. ,Jennifer Oliva,Seton Hall University School of Law,90
519,Mariela,Olivares,Howard ,Mariela Olivares,Howard University School of Law,100
520,Michael A.,Olivas,Houston Law Cntr. ,Michael Olivas,University of Houston Law Center,90
521,Angela L,Onwuachi-Willig,Boston Univ. ,Angela Onwuachi-Willig,Boston University School of Law,96
522,Daniel R.,Ortiz,Univ. of Va. ,Daniel Ortiz,University of Virginia School of Law,89
523,Francesca,Ortiz,South Texas Houston ,Francesca Ortiz,South Texas College of Law Houston,100
524,J. Damian,Ortiz,John Marshall ,J. Damian Ortiz,UIC John Marshall Law School,100
525,Raquel,Ortiz,Roger Williams ,Raquel Ortiz,Roger Williams University School of Law,100
526,Janewa,Osei-Tutu,Florida Int’l ,Janewa Osei-Tutu,Florida International University College of Law,100
527,Nancy K.,Ota,Albany ,Nancy Ota,Albany Law School,86
528,Spencer,Overton,George Washington ,Spencer Overton,The George Washington University Law School,100
529,Traci,Overton,Rutgers ,Traci Overton,Rutgers Law School,100
530,"Cheryl ""Shelly”",Page,Lincoln ,Cheryl ”Shelly” Page,Lincoln Memorial University Duncan School of Law,95
531,Victoria,Palacios,Southern Methodist ,Victoria Palacios,"Southern Methodist University, Dedman School of Law",100
532,Sachin S.,Pandya,Connecticut ,Sachin Pandya,University of Connecticut School of Law,90
533,Lynnise E. Phillips,Pantin,Boston Coll. ,Lynnise Pantin,Columbia Law School,70
534,Rafael I.,Pardo,Emory ,Rafael Pardo,Emory University School of Law,89
535,Kish,Parella,Wash. & Lee ,Kish Parella,Washington and Lee University School of Law,100
536,Samir,Parikh,Lewis & Clark ,Samir Parikh,Lewis and Clark Law School,100
537,Eunice,Park,Western state ,Eunice Caussade,Florida A&M University College of Law,62
538,James J.,Park,U.C.L.A. ,James Park,"University of California, Los Angeles School of Law",87
539,Johnny C.,Parker,Tulsa ,Johnny Parker,The University of Tulsa College of Law,90
540,Radha,Pathak,Whittier ,Radha Pathak,Whittier Law School,100
541,Elizabeth Hayes,Patterson,Georgetown ,Elizabeth Patterson,Georgetown University Law Center,86
542,Alexander,Pearl,Texas Tech ,Alexander Pearl,Texas Tech University School of Law,100
543,Joyce A. McCray,Pearson,Wash. St. Louis,Joyce Pearson,Washington University in St. Louis School of Law,72
544,Kim,Pearson,Gonzaga ,Kim Pearson,Gonzaga University School of Law,100
545,Portia,Pedro,Boston Univ. ,Portia Pedro,Boston University School of Law,100
546,Destiny,Peery,Northwestern ,NA,NA,0
547,Dayla S.,Pepi,St. Mary’s ,Dayla Pepi,St. Mary's University of San Antonio School of Law,87
548,Juan F.,Perea,Loyola Chicago,Juan Perea,Loyola University Chicago School of Law,87
549,LeRoy,Pernell,Florida A&M ,LeRoy Pernell,Florida A&M University College of Law,100
550,Twila L.,Perry,Rutgers ,Twila Perry,Rutgers Law School,88
551,Govind,Persad,Denver ,Govind Persad,University of Denver Sturm College of Law,100
552,Robert W. Jr.,Piatt,St. Mary’s ,Robert Piatt,St. Mary's University of San Antonio School of Law,77
553,Tanya,Pierce,Texas A&M ,Tanya Pierce,Texas A&M University School of Law,100
554,Thiadora,Pina,Santa Clara ,Thiadora Pina,Santa Clara University School of Law,100
555,Ngai,Pindell,Nevada Las Vegas,Ngai Pindell,"University of Nevada, Las Vegas, William S. Boyd School of Law",100
556,Victoria,Plaut,UC. Berkeley ,Victoria Plaut,"University of California, Berkeley School of Law",100
557,Candice T.,Player,Northwestern ,Mack Player,Santa Clara University School of Law,64
558,Aparna,Polavarapu,South Carolina ,Aparna Polavarapu,University of South Carolina School of Law,100
559,Ileana M.,Porras,Miami ,Ileana Porras,University of Miami School of Law,90
560,Karen A.,Porter,Brooklyn ,Karen Porter,Brooklyn Law School,89
561,Deborah Waire,Post,Touro ,Deborah Pearlstein,Benjamin N. Cardozo School of Law,67
562,Catherine,Powell,Fordham ,Catherine Powell,Fordham University School of Law,100
563,Cedric Merlin,Powell,Louisville ,Cedric Powell,"University of Louisville, Louis D. Brandeis School of Law",79
564,Karen,Powell,Denver ,Karen Porter,Brooklyn Law School,75
565,Patricia H.,Powell,Denver ,Patricia Powell,University of Denver Sturm College of Law,91
566,Carla D.,Pratt,Washburn ,Carla Pratt,Washburn University School of Law,88
567,Harry G.,Prince,UC Hastings,Harry Prince,"University of California, Hastings College of the Law",89
568,Victor,Quintanilla,Ind. Maurer,Victor Quintanilla,Indiana University Maurer School of Law,100
569,Intisar A.,Rabb,Harvard ,Intisar Rabb,Harvard Law School,89
570,K. Sabeel,Rahman,Brooklyn ,K. Sabeel Rahman,Brooklyn Law School,100
571,Gowri,Ramachandran,Southwestern ,Gowri Ramachandran,Southwestern Law School,100
572,Jean Teresa,Ramirez,San Diego ,Jean Ramirez,University of San Diego School of Law,77
573,Jorge A.,Ramirez,Texas Tech ,Jorge Ramirez,Texas Tech University School of Law,90
574,Steven A.,Ramirez,Loyola Chicago,Steven Ramirez,Loyola University Chicago School of Law,90
575,Jaya E.,Ramji-Nogales,Temple ,Jaya Ramji-Nogales,"Temple University, James E. Beasley School of Law",92
576,Andrea V,Ramos,Southwestern ,Andrea Ramos,Southwestern Law School,92
577,Vemellia R.,Randall,Dayton ,Vernellia Randall,University of Dayton School of Law,83
578,Jayesh,Rathod,American ,Jayesh Rathod,"American University, Washington College of Law",100
579,Teressa E.,Ravenell,Villanova ,Teressa Ravenell,Villanova University Charles Widger School of Law,91
580,Meshon T,Rawls,Univ. of Florida ,NA,NA,0
581,Shalini,Ray,Alabama ,Shailini George,Suffolk University Law School,62
582,Rhonda M.,Reaves,Florida A&M ,Rhonda Reaves,Florida A&M University College of Law,90
583,Trevor,Reed,Ariz. state ,Trevor Reed,Arizona State University Sandra Day O'Connor College of Law,100
584,Teresa J.,Reid,Univ. of Florida ,Teresa Reid,University of Florida Fredric G. Levin College of Law,88
585,Jennifer W.,Reynolds,Oregon ,Jennifer Reynolds,University of Oregon School of Law,92
586,Paula R.,Rhodes,Denver ,Charles Rhodes,South Texas College of Law Houston,62
587,Willy E.,Rice,St. Mary’s ,Willy Rice,St. Mary's University of San Antonio School of Law,87
588,L. Song. Cal.,Richardson,Irvine ,L. Song Richardson,"University of California, Irvine School of Law",86
589,Michelle,Rigual,New Mexico ,Michelle Rigual,University of New Mexico School of Law,100
590,Susanna K.,Ripken,Chapman ,Susanna Ripken,Chapman University Dale E. Fowler School of Law,90
591,Elbert L.,Robertson,Suffolk ,Elbert Robertson,Suffolk University Law School,91
592,Mildred W.,Robinson,Univ. of Va. ,Mildred Robinson,University of Virginia School of Law,91
593,Walter Keith,Robinson,Southern Methodist ,Walter Keith Robinson,"Southern Methodist University, Dedman School of Law",100
594,William L.,Robinson,Dist. of Columbia ,William Robinson,"University of the District of Columbia, David A. Clarke School of Law",91
595,Usha R.,Rodrigues,Georgia ,Usha Rodrigues,University of Georgia School of Law,90
596,Cristina M.,Rodriguez,Yale ,Cristina Rodriguez,Yale Law School,92
597,Eloisa C.,Rodriguez-Dod,Florida Int’l ,Eloisa Rodriguez-Dod,Florida International University College of Law,93
598,Luis E.,Rodrignez-Rivera,Puerto Rico ,NA,NA,0
599,Jeong-Ho,Rob,Columbia ,John Roberts,DePaul University College of Law,58
600,Jorge R.,Roig,Touro ,Jorge Roig,"Touro College, Jacob D. Fuchsberg Law Center",87
601,Daria,Roithmayr,Southern Cal. ,Daria Roithmayr,University of Southern California Gould School of Law,100
602,Maybell,Romero,Northern Illinois ,Maybell Romero,Northern Illinois University College of Law,100
603,Victor C.,Romero,Penn stale Law ,Victor Romero,The Pennsylvania State University – Penn State Law,90
604,Veronica S.,Root,Notre Dame ,Veronica Martinez,Notre Dame Law School,61
605,Anibal,Rosario Lebron,Howard ,NA,NA,0
606,Wendy T.,Ross,Texas Tech ,Wendy Ross,Texas Tech University School of Law,87
607,Vincent D.,Rougeau,Boston Coll. ,Vincent Rougeau,Boston College Law School,91
608,Nantiya,Ruan,Denver ,Nantiya Ruan,University of Denver Sturm College of Law,100
609,Katheryn,Russell-Brown,Univ. of Florida ,Katheryn Russell-Brown,University of Florida Fredric G. Levin College of Law,100
610,Christopher J. Jr.,Ryan,Roger Williams ,Christopher Ryan,Roger Williams University School of Law,82
611,Victoria S.,Sahani,Ariz. state ,Victoria Sahani,Arizona State University Sandra Day O'Connor College of Law,91
612,Natsu Taylor,Saito,Georgia state ,Natsu Saito,Georgia State University College of Law,76
613,Richard T.,Sakai,San Francisco ,NA,NA,0
614,Rachael E.,Salcido,McGeorge ,Rachael Salcido,"University of the Pacific, McGeorge School of Law",91
615,O.J.,Salinas,Univ. of North Car. ,O.J. Salinas,University of North Carolina School of Law,100
616,Prof S.,Salinas,Texas Southern ,Prof Salinas,Texas Southern University Thurgood Marshall School of Law,89
617,Tuan N.,Samahon,Villanova ,Tuan Samahon,Villanova University Charles Widger School of Law,89
618,Shaakirrah,Sanders,Idaho ,Shaakirrah Sanders,University of Idaho College of Law,100
619,Sarath,Sanga,Northwestern ,Sarath Sanga,Northwestern University Pritzker School of Law,100
620,Tommy,Sangchompuphen,Lincoln ,Tommy Sangchompuphen,Lincoln Memorial University Duncan School of Law,100
621,Veronica Aoki,Santarosa,Michigan ,Veronica Santarosa,The University of Michigan Law School,88
622,Michael A.,Satz,Idaho ,Michael Satz,University of Idaho College of Law,89
623,Leticia,Saucedo,UC Davis,Leticia Saucedo,"University of California, Davis, School of Law",100
624,Miguel,Schor,Drake ,Miguel Schor,Drake University Law School,100
625,Sean M.,Scott,Loyola. Los Angeles ,Sean Scott,"Loyola Law School, Los Angeles",87
626,Wendy B.,Scott,Elon ,Wendy Scott,Elon University School of Law,88
627,Judith A.,Scully,Stetson ,Judith Scully,Stetson University College of Law,90
628,Joshua,Sellers,Ariz. state ,Joshua Sellers,Arizona State University Sandra Day O'Connor College of Law,100
629,Theodore P.. Loyola,Seto,Los Angeles ,Theodore Seto,"Loyola Law School, Los Angeles",70
630,Sean B.,Seymore,Vanderbilt ,Sean Seymore,Vanderbilt University Law School,89
631,Butler D.,Shaffer,Southwestern ,Butler Shaffer,Southwestern Law School,90
632,Bijal,Shah,Ariz. state ,Bijal Shah,Arizona State University Sandra Day O'Connor College of Law,100
633,Hina,Shah,Golden Gale ,Hina Shah,Golden Gate University School of Law,100
634,Ragini N.,Shah,Suffolk ,Ragini Shah,Suffolk University Law School,88
635,Fadi,Shaheen,Rutgers ,Fadi Shaheen,Rutgers Law School,100
636,Jamelle C.,Sharpe,Illinois ,Jamelle Sharpe,University of Illinois College of Law,90
637,Anna W.,Shavers,Nebraska ,Anna Shavers,University of Nebraska College of Law,89
638,Francis X.,Shen,Minnesota ,Francis Shen,University of Minnesota Law School,89
639,Christal,Sheppard,Nebraska ,Charles Sheppard,Western State College of Law at Westcliff University,79
640,Patrick S.,Shin,Suffolk ,Patrick Shin,Suffolk University Law School,89
641,Florence B.,Shu-Acquaye,Nova Southeastern ,Florence Shu-Acquaye,Nova Southeastern University Shepard Broad College of Law,93
642,Gregory M.,Silverman,Seattle ,Gregory Silverman,Seattle University School of Law,92
643,Wenona T.,Singel,Mich state ,Wenona Singel,Michigan State University College of Law,90
644,Anika,Singh Lemar,Yale ,Anika Singh Lemar,Yale Law School,100
645,Shirin,Sinnar,Stanford ,Shirin Sinnar,Stanford Law School,100
646,Matiangai,Sirleaf,Pittsburgh ,Matiangai Sirleaf,University of Pittsburgh School of Law,100
647,Ganesh,Sitaraman,Vanderbilt ,Ganesh Sitaraman,Vanderbilt University Law School,100
648,H.T.,Smith,Florida Int’l ,H.T. Smith,Florida International University College of Law,100
649,Nareissa,Smith,North Car. Central ,Nareissa Smith,North Carolina Central University School of Law,100
650,Peggie,Smith,Wash. St. Louis,Peggie Smith,Washington University in St. Louis School of Law,100
651,Terry,Smith,DePaul ,Terry Smith,DePaul University College of Law,100
652,Daniel,Sokol,Univ. of Florida ,Daniel Sokol,University of Florida Fredric G. Levin College of Law,100
653,Gemma,Solimene,Fordham ,Gemma Solimene,Fordham University School of Law,100
654,Sarah,Song,UC Berkeley,Sarah Song,"University of California, Berkeley School of Law",100
655,Avani Mehta,Sood,UC Berkeley,Avani Sood,"University of California, Berkeley School of Law",77
656,Girardeau A.,Spann,Georgetown ,Girardeau Spann,Georgetown University Law Center,91
657,DeCarlous Y.,Spearman,Texas Southern ,DeCarlous Spearman,Texas Southern University Thurgood Marshall School of Law,92
658,A. Benjamin,Spencer,Univ. of Va. ,A. Benjamin Spencer,University of Virginia School of Law,100
659,Mai Linh,Spencer,UC. Hastings ,Mai Linh Spencer,"University of California, Hastings College of the Law",100
660,Carla,Spivack,Oklahoma City ,Carla Spivack,Oklahoma City University School of Law,100
661,Jayashri,Srikantiah,Stanford ,Jayashri Srikantiah,Stanford Law School,100
662,Daiquiri J.,Steele,Alabama ,Daiquiri Steele,University of Alabama School of Law,91
663,Michalyn,Steele,Brigham Young ,Michalyn Steele,"Brigham Young University, J. Reuben Clark Law School",100
664,Corneill A.,Stephens,Georgia state ,Corneill Stephens,Georgia State University College of Law,92
665,Randolph Noel,Stone,Univ. of Chicago ,Randolph Stone,"The University of Chicago, The Law School",85
666,Rick,Su,Buffalo ,Rick Su,University of North Carolina School of Law,100
667,Lauren,Sudeall,Georgia state ,Lauren Sudeall,Georgia State University College of Law,100
668,Robert E.,Suggs,Maryland ,Robert Suggs,University of Maryland Francis King Carey School of Law,89
669,Neel,Sukhatme,Georgetown ,Neel Sukhatme,Georgetown University Law Center,100
670,Christian Brook,Sundquist,Albany ,Christian Sundquist,Albany Law School,86
671,Victoria,Sutton,Texas Tech ,Victoria Sutton,Texas Tech University School of Law,100
672,Carol,Suzuki,New Mexico ,Carol Suzuki,University of New Mexico School of Law,100
673,Jon H.,Sylvester,Golden Gate ,Jon Sylvester,Golden Gate University School of Law,90
674,Imre S.,Szalai,Loyola New Orl.,Imre Szalai,Loyola University New Orleans College of Law,88
675,Phyllis C.,Taite,Florida A&M ,Phyllis Taite,Florida A&M University College of Law,90
676,Shauhin A.,Talesh,Cal Irvine,Shauhin Talesh,"University of California, Irvine School of Law",90
677,Yvonne A.,Tamayo,Willamette ,Yvonne Tamayo,Willamette University College of Law,90
678,Karen,Tani,UC Berkeley,Karen Tani,"University of California, Berkeley School of Law",100
679,Bonny L.,Tavares,Temple ,Bonny Tavares,"Temple University, James E. Beasley School of Law",90
680,Aaron,Taylor,St. Louis ,Aaron Taylor,Saint Louis University School of Law,100
681,Monica,Teixeira de Sousa,New England Law Boston ,Monica Teixeira de Sousa,New England Law | Boston,100
682,Joseph,Thai,Univ. of Oklahoma ,Joseph Thai,University of Oklahoma College of Law,100
683,Sherod,Thaxton,U.C.L.A. ,Sherod Thaxton,"University of California, Los Angeles School of Law",100
684,Alice M.,Thomas,Howard ,Alice Thomas,Howard University School of Law,89
685,Sherri N.,Thomas,New Mexico ,Sherri Thomas,University of New Mexico School of Law,90
686,Suja A.,Thomas,Illinois ,Suja Thomas,University of Illinois College of Law,88
687,Cassandra L.,Thomas Roberts,North Car. Central ,Cassandra Thomas Roberts,North Carolina Central University School of Law,94
688,Dana A.,Thompson,Michigan ,Dana Thompson,The University of Michigan Law School,90
689,Mikah K.,Thompson,Mo.-Kan. City ,Mikah Thompson,University of Missouri-Kansas City School of Law,90
690,Veronica T.,Thronson,Mich. State ,Veronica Thronson,Michigan State University College of Law,92
691,India,Thusi,Cal. Western ,India Thusi,California Western School of Law,100
692,Jan C.,Ting,Temple ,Jan Ting,"Temple University, James E. Beasley School of Law",84
693,Daniel P.,Tokaji,Ohio state ,Daniel Tokaji,"The Ohio State University, Michael E. Moritz College of Law",90
694,Annette,Torres,Miami ,Annette Torres,University of Miami School of Law,100
695,Arturo,Torres,Texas Tech ,Arturo Torres,Texas Tech University School of Law,100
696,Gerald.,Torres,Cornell ,Gerald Torres,Cornell Law School,96
697,Sara M.,Tracy-Ruazol,JAG ,Sara Tracy-Ruazol,The Judge Advocate General's School,92
698,Enid,Trucios-Haynes,Louisville ,Enid Trucios-Haynes,"University of Louisville, Louis D. Brandeis School of Law",100
699,Elizabeth.,Trujillo,Texas A&M ,Elizabeth Trujillo,Texas A&M University School of Law,97
700,Robert L.,Tsai,American ,Robert Tsai,"American University, Washington College of Law",88
701,Rebecca A.,Tsosie,Univ. of Ariz. ,Rebecca Tsosie,The University of Arizona James E. Rogers College of Law,90
702,Frederick,Tung,Boston Univ. ,Frederick Tung,Boston University School of Law,100
703,Andrew J.,Turner,Wisconsin ,Andrew Turner,University of Wisconsin Law School,90
704,Ronald.,Turner,Houston Law Cntr. ,Ronald Turner,University of Houston Law Center,96
705,Francisco X.,Valdes,Miami ,Francisco Valdes,University of Miami School of Law,91
706,Gloria M.,Valencia-Weber,New Mexico ,Gloria Valencia-Weber,University of New Mexico School of Law,93
707,Geiza,Vargas-Vargas,Charleston ,Geiza Vargas-Vargas,Charleston School of Law,100
708,Ozan O.,Varol,Lewis & Clark ,Ozan Varol,Lewis and Clark Law School,87
709,Lea B.,Vaughn,Wash. Seattle,Lea Vaughn,University of Washington School of Law,87
710,Yolanda,Vazquez,Cincinnati ,Yolanda Vazquez,University of Cincinnati College of Law,100
711,Sheila L.,Velez Martinez,Pittsburgh ,NA,NA,0
712,Alex,Vernon,Univ. of Detroit Mercy ,Alex Vernon,University of Detroit Mercy School of Law,100
713,Kia H.,Vernon,North Car. Central ,Kia Vernon,North Carolina Central University School of Law,87
714,Rose Cuison,Villazor,UC Davis,Rose Villazor,Rutgers Law School,79
715,Alicia,Virani,U.C.L.A. ,Alicia Virani,"University of California, Los Angeles School of Law",100
716,Manoj,Viswanathan,UC Hastings,Manoj Viswanathan,"University of California, Hastings College of the Law",100
717,Ari Ezra,Waldman,NYLS ,Ari Waldman,New York Law School,81
718,Tammi,Walker,Univ. of Ariz. ,Tammi Walker,The University of Arizona James E. Rogers College of Law,100
719,David D.,Walter,Florida Int’l ,David Walter,Florida International University College of Law,89
720,Alex L.,Wang,U.C.L.A. ,Alex Wang,"University of California, Los Angeles School of Law",86
721,Karin H.,Wang,U.C.L.A. ,Karin Wang,"University of California, Los Angeles School of Law",87
722,William K.,Wang,UC Hastings,William Wang,"University of California, Hastings College of the Law",89
723,Carl,Warren,St. Thomas-Mpls. ,Carl Warren,University of St. Thomas School of Law,100
724,Kevin K.,Washburn,Iowa ,Kevin Washburn,University of Iowa College of Law,90
725,Ka'Juel J.,Washington,Florida A&M ,Ka'Juel Washington,Florida A&M University College of Law,92
726,Melissa,Wasserman,Illinois ,Melissa Wasserman,University of Illinois College of Law,100
727,Wilbert (Will) H. Jr.,Watts,U.C.L.A. ,Wilbert (Will) Watts,"University of California, Los Angeles School of Law",85
728,L. Darnell,Weeden,Texas Southern ,L. Weeden,Texas Southern University Thurgood Marshall School of Law,69
729,Carwina. Ind.,Weng,Maurer ,Carwina Weng,Indiana University Maurer School of Law,80
730,Kaimipono D.,Wenger,Thomas Jefferson ,Kaimipono Wenger,Thomas Jefferson School of Law,91
731,Robert S.,Westley,Tulane ,Robert Westley,Tulane University Law School,90
732,Ronald E.,Wheeler,Boston Univ ,Ronald Wheeler,Boston University School of Law,90
733,John Valery,White,Nevada Las Vegas,John White,"University of Nevada, Las Vegas, William S. Boyd School of Law",74
734,Prentice L.,White,Southern Univ. ,Prentice White,Southern University Law Center,90
735,Mary Jo,Wiggins,San Diego ,Mary Jo Wiggins,University of San Diego School of Law,100
736,Stephen,Wilks,Lincoln ,Stephen Wilks,Lincoln Memorial University Duncan School of Law,100
737,Brenda,Williams,Wash. Seattle,Brenda Williams,University of Washington School of Law,100
738,Jack F.,Williams,Georgia state ,Jack Williams,Georgia State University College of Law,90
739,Kenneth A.,Williams,South Texas Houston ,Kenneth Williams,South Texas College of Law Houston,91
740,Norman R,Williams,Willamette ,Norman Williams,Willamette University College of Law,94
741,Robert A.,Williams,Jr. Univ. of Ariz.,Robert Williams,The University of Arizona James E. Rogers College of Law,91
742,Serena M.,Williams,Widener-Delaware ,Serena Williams,Widener University Delaware Law School,91
743,Catherine L.,Wilson,Nebraska ,Catherine Wilson,University of Nebraska College of Law,91
744,Darryl C.,Wilson,Stetson ,Darryl Wilson,Stetson University College of Law,90
745,Erika,Wilson,Univ. of North Car. ,Erika Wilson,University of North Carolina School of Law,100
746,Richard,Winchester,Thomas Jefferson ,Richard Winchester,Thomas Jefferson School of Law,100
747,Adrien Katherine K.,Wing,Iowa ,Adrien Katherine Wing,University of Iowa College of Law,93
748,Ruth A.,Witherspoon,Barry ,Ruth Witherspoon,Barry University Dwayne O. Andreas School of Law,91
749,Jarrod,Wong,McGeorge ,Jarrod Wong,"University of the Pacific, McGeorge School of Law",100
750,Margaret Y.,Woo,Northeastern ,Margaret Woo,Northeastern University School of Law,89
751,Patrick,Woolley,Univ. of Texas ,Patrick Woolley,The University of Texas School of Law,100
752,Patricia M..,Worthy,Howard ,Patricia Worthy,Howard University School of Law,88
753,Desmund,Wu,Wisconsin ,Desmund Wu,University of Wisconsin Law School,100
754,Frank H.,Wu,UC Hastings,Frank Wu,"University of California, Hastings College of the Law",84
755,Yesha,Yadav,Vanderbilt ,Yesha Yadav,Vanderbilt University Law School,100
756,Crystal,Yang,Harvard ,Crystal Yang,Harvard Law School,100
757,Tseming,Yang,Santa Clara ,Tseming Yang,Santa Clara University School of Law,100
758,Ruqaiijah A.,Yearby,St. Louis ,Ruqaiijah Yearby,Saint Louis University School of Law,91
759,Ellen L.,Yee,Drake ,Ellen Yee,Drake University Law School,86
760,Alfred C.,Yen,Boston Coll. ,Alfred Yen,Boston College Law School,87
761,Seval,Yildirim,Whittier ,Seval Yildirim,Whittier Law School,100
762,Dennis T.,Yokoyama,Southwestern ,Dennis Yokoyama,Southwestern Law School,91
763,Christopher S.,Yoo,Pennsylvania ,Christopher Yoo,University of Pennsylvania Law School,91
764,Kenji,Yoshino,New York Univ. ,Kenji Yoshino,New York University School of Law,100
765,Donna E.,Young,Albany ,Donna Young,Albany Law School,88
766,Peter K.,Yu,Texas A&M ,Peter Yu,Texas A&M University School of Law,84
767,Lua Kamal,Yuille,Kansas ,Lua Yuille,University of Kansas School of Law,77
768,Wentong,Zheng,Univ. of Florida ,Wentong Zheng,University of Florida Fredric G. Levin College of Law,100
769,Christine,Zuni Cruz,New Mexico ,Christine Zuni Cruz,University of New Mexico School of Law,100
