first_mid_name,last_name,fm_names,err_fm_names
Sam,Halabi,,Usama
Scott,Pryor,,Elizabeth Scott
Thomas,Mitchell,Thomas,Howard Thomas
Charles,Bower,,Charles N.
Timothy,Lytton,"Timothy, Timothy D.",
Daniel,Katz,Daniel Martin,Daniel
Andrew,Gold,Andrew S.,
Miranda Perry,Fleischer,Miranda Perry,
Steven Davidoff,Solomon,Steven Davidoff,
RonNell Andersen,Jones,RonNell Andersen,
Charles,Brower,Charles H. II,
