first_mid_name,last_name,fm_names,err_fm_names
Michael,Devitt,Michael R.,
Robert,Flores,Robert L.,
Carlos,Gonzalez,Carlos E.,
Jonathan Steven,Simon,Richard C. Jr.,
Kevin,Tu,Kevin V.,
Aaron,Twerski,Aaron D. ,
Patricia,Wilson,Patricia A.,
Allen,Snyder,Allen R.,
Shahar,Dillbary,,
