,First Name,Last Name,Title,School,School URL,School URL short,New School,New School URL,New School URL short
0,Richard,Albert,NA,Boston College,http://bc.edu,bc.edu,"University of Texas, Austin",https://www.utexas.edu/,utexas.edu
1,Hilary,Allen,NA,Suffolk University,http://suffolk.edu,suffolk.edu,American University,http://american.edu,american.edu
2,Olufunmilayo,Arewa,NA,"University of California, Irvine",http://uci.edu,uci.edu,Temple University,http://temple.edu,temple.edu
3,Khaled A.,Beydoun,NA,University of Detroit Mercy School of Law,www.law.udmercy.edu/,law.udmercy.edu,"University of Arkansas, Fayetteville",https://www.uark.edu/,uark.edu
4,Joshua,Blank,NA,New York University,http://nyu.edu,nyu.edu,"University of California, Irvine",http://uci.edu,uci.edu
5,William,Boyd,NA,"University of Colorado, Boulder",http://colorado.edu,colorado.edu,"University of California, Los Angeles",http://ucla.edu,ucla.edu
6,Samuel,Bray,NA,"University of California, Los Angeles",http://ucla.edu,ucla.edu,University of Notre Dame,http://nd.edu,nd.edu
7,Jennifer,Chacon,NA,"University of California, Irvine",http://uci.edu,uci.edu,"University of California, Los Angeles",http://ucla.edu,ucla.edu
8,Anupam,Chander,NA,"University of California, Davis",http://ucdavis.edu,ucdavis.edu,Georgetown University,http://georgetown.edu,georgetown.edu
9,Stewart,Chang,NA,Whittier Law School,https://www.law.whittier.edu/,law.whittier.edu,"University of Nevada, Las Vegas",http://unlv.edu,unlv.edu
10,Jessica,Clarke,NA,University of Minnesota,http://umn.edu,umn.edu,Vanderbilt University,http://vanderbilt.edu,vanderbilt.edu
11,Frank Rudy,Cooper,NA,Suffolk University,http://suffolk.edu,suffolk.edu,"University of Nevada, Las Vegas",http://unlv.edu,unlv.edu
12,Seth,Davis,NA,"University of California, Irvine",http://uci.edu,uci.edu,"University of California, Berkeley",https://www.berkeley.edu/,berkeley.edu
13,Melissa J.,Durkee,NA,"University of Washington, Seattle",https://www.washington.edu/,washington.edu,University of Georgia,http://uga.edu,uga.edu
14,Atiba,Ellis,NA,West Virginia University,http://wvu.edu,wvu.edu,Marquette University,http://marquette.edu,marquette.edu
15,Victor,Fleischer,NA,University of San Diego,http://sandiego.edu,sandiego.edu,"University of California, Irvine",http://uci.edu,uci.edu
16,David,Franklyn,NA,University of San Francisco,http://usfca.edu,usfca.edu,Golden Gate University,https://www.ggu.edu/,ggu.edu
17,Nuno,Garoupa,NA,Texas A&M University,http://tamu.edu,tamu.edu,George Mason University,http://gmu.edu,gmu.edu
18,Brandon,Garrett,NA,University of Virginia,http://virginia.edu,virginia.edu,Duke University,http://duke.edu,duke.edu
19,Andrew,Gold,NA,DePaul University,http://depaul.edu,depaul.edu,Brooklyn Law School,http://northwestern.edu,northwestern.edu
20,Philip,Hackney,NA,Louisiana State University,http://lsu.edu,lsu.edu,University of Pittsburgh,http://pitt.edu,pitt.edu
21,Christopher,Holman,NA,"University of Missouri, Kansas City",http://umkc.edu,umkc.edu,Drake University,http://drake.edu,drake.edu
22,Robert,Jackson,NA,Columbia University,http://columbia.edu,columbia.edu,New York University,http://nyu.edu,nyu.edu
23,Dalie,Jimenez,NA,University of Connecticut,http://uconn.edu,uconn.edu,"University of California, Irvine",http://uci.edu,uci.edu
24,Kristin,Johnson,NA,Seton Hall University,http://shu.edu,shu.edu,Tulane University,http://tulane.edu,tulane.edu
25,Michael,Kang,NA,Emory University,http://emory.edu,emory.edu,Northwestern University,http://northwestern.edu,northwestern.edu
26,Orin,Kerr,NA,George Washington University,https://www.gwu.edu/,gwu.edu,University of Southern California,http://usc.edu,usc.edu
27,Eugene,Kontorovich,NA,Northwestern University,http://northwestern.edu,northwestern.edu,George Mason University,http://gmu.edu,gmu.edu
28,Rebecca,Kysar,NA,Brooklyn Law School,http://northwestern.edu,northwestern.edu,Fordham University,http://fordham.edu,fordham.edu
29,Jill Wieber,Lens,NA,Baylor University,http://baylor.edu,baylor.edu,"University of Arkansas, Fayetteville",https://www.uark.edu/,uark.edu
30,Suzette,Malveaux,NA,Catholic University,https://www.catholic.edu/index.html,catholic.edu,"University of Colorado, Boulder",http://colorado.edu,colorado.edu
31,David,Marcus,NA,University of Arizona,http://arizona.edu,arizona.edu,"University of California, Los Angeles",http://ucla.edu,ucla.edu
32,Justin,McCrary,NA,"University of California, Berkeley",https://www.berkeley.edu/,berkeley.edu,Columbia University,http://columbia.edu,columbia.edu
33,Curtis,Milhaupt,NA,Columbia University,http://columbia.edu,columbia.edu,Stanford University,http://stanford.edu,stanford.edu
34,Seema,Mohapatra,NA,Barry University,http://barry.edu,barry.edu,"Indiana University, Indianapolis",https://www.iupui.edu/,iupui.edu
35,Melissa,Murray,NA,"University of California, Berkeley",https://www.berkeley.edu/,berkeley.edu,New York University,http://nyu.edu,nyu.edu
36,Anne Joseph,O'Connell,NA,"University of California, Berkeley",https://www.berkeley.edu/,berkeley.edu,Stanford University,http://stanford.edu,stanford.edu
37,Leigh,Osofsky,NA,University of Miami,http://miami.edu,miami.edu,"University of North Carolina, Chapel Hill",https://www.unc.edu/,unc.edu
38,Frank,Partnoy,NA,University of San Diego,http://sandiego.edu,sandiego.edu,"University of California, Berkeley",https://www.berkeley.edu/,berkeley.edu
39,Jedediah,Purdy,NA,Duke University,http://duke.edu,duke.edu,Columbia University,http://columbia.edu,columbia.edu
40,Christopher,Roederer,NA,Florida Coastal Law School,https://www.fcsl.edu/index.php,fcsl.edu,University of Dayton,http://udayton.edu,udayton.edu
41,Hillary,Sale,NA,"Washington University, St. Louis",https://wustl.edu/,wustl.edu,Georgetown University,http://georgetown.edu,georgetown.edu
42,Madhavi,Sunder,NA,"University of California, Davis",http://ucdavis.edu,ucdavis.edu,Georgetown University,http://georgetown.edu,georgetown.edu
43,Kim,Talus,NA,Universities of Helsinki & Eastern Finland,www.uef.fi/en/etusivu,uef.fi/en/etusivu.edu,Tulane University,http://tulane.edu,tulane.edu
44,Rose Cuison,Villazor,NA,"University of California, Davis",http://ucdavis.edu,ucdavis.edu,Rutgers University,http://rutgers.edu,rutgers.edu
45,Andrew,Woods,NA,University of Kentucky,www.uky.edu/,uky.edu,University of Arizona,http://arizona.edu,arizona.edu
46,Kevin,Woodson,NA,Drexel University,http://drexel.edu,drexel.edu,University of Richmond,http://richmond.edu,richmond.edu
47,Ruqaiijah A.,Yearby,NA,Case Western Reserve University,http://case.edu,case.edu,Saint Louis University,http://slu.edu,slu.edu
48,Sandi,Zellmer,NA,"University of Nebraska, Lincoln",https://www.unl.edu/,unl.edu,University of Montana,http://umt.edu,umt.edu
49,Richard,Albert,NA,Boston College,http://bc.edu,bc.edu,"University of Texas, Austin",https://www.utexas.edu/,utexas.edu
50,Sahar,Aziz,NA,Texas A&M University,http://tamu.edu,tamu.edu,Rutgers University,http://rutgers.edu,rutgers.edu
51,Adam,Badawi,NA,"Washington University, St. Louis",https://wustl.edu/,wustl.edu,"University of California, Berkeley",https://www.berkeley.edu/,berkeley.edu
52,Shalanda,Baker,NA,University of Hawaii,https://wustl.edu/,wustl.edu,Northeastern University,http://northeastern.edu,northeastern.edu
53,Angela,Banks,NA,College of William & Mary,https://wustl.edu/,wustl.edu,Arizona State University,http://asu.edu,asu.edu
54,William,Boyd,NA,"University of Colorado, Boulder",http://colorado.edu,colorado.edu,"University of California, Los Angeles",http://ucla.edu,ucla.edu
55,Richard R.W.,Brooks,NA,Columbia University,http://columbia.edu,columbia.edu,New York University,http://nyu.edu,nyu.edu
56,Alfred,Brophy,NA,"University of North Carolina, Chapel Hill ",https://www.unc.edu/,unc.edu,University of Alabama,http://ua.edu,ua.edu
57,Eleanor,Brown,NA,George Washington University,https://www.gwu.edu/,gwu.edu,"Pennsylvania State University, University Park",https://www.psu.edu/,psu.edu
58,Christopher,Bruner,NA,Washington & Lee University,https://www.wlu.edu/,wlu.edu,University of Georgia,http://uga.edu,uga.edu
59,Tonya,Evans,NA,Widener University Commonwealth,https://commonwealthlaw.widener.edu/,commonwealthlaw.widener.edu,University of New Hampshire,http://unh.edu,unh.edu
60,Catherine,Fisk,NA,"University of California, Irvine",http://uci.edu,uci.edu,"University of California, Berkeley",https://www.berkeley.edu/,berkeley.edu
61,Victor,Flatt,NA,"University of North Carolina, Chapel Hill",https://www.unc.edu/,unc.edu,University of Houston,www.uh.edu/,uh.edu
62,Sheila,Foster,NA,Fordham University,http://fordham.edu,fordham.edu,Georgetown University,http://georgetown.edu,georgetown.edu
63,Brett,Frischmann,NA,Cardozo Law School/Yeshiva University,https://cardozo.yu.edu/,cardozo.yu.edu,Villanova University,http://villanova.edu,villanova.edu
64,David,Gamage,NA,"University of California, Berkeley",https://www.berkeley.edu/,berkeley.edu,"Indiana University, Bloomington",http://iub.edu,iub.edu
65,Rachel,Godsil,NA,Seton Hall University,http://shu.edu,shu.edu,Rutgers University,http://rutgers.edu,rutgers.edu
66,Sarah,Haan,NA,University of Idaho,http://uidaho.edu,uidaho.edu,Washington & Lee University,https://www.wlu.edu/,wlu.edu
67,Sam,Halabi,NA,University of Tulsa,http://utulsa.edu,utulsa.edu,"University of Missouri, Columbia",https://missouri.edu/,missouri.edu
68,Woodrow,Hartzog,NA,"Cumberland School of Law, Samford University",https://www.samford.edu/cumberlandlaw/,samford.edu,Northeastern University,http://northeastern.edu,northeastern.edu
69,David,Hasen,NA,"University of Colorado, Boulder",http://colorado.edu,colorado.edu,"University of Florida, Gainesville",www.ufl.edu/,ufl.edu
70,Allison,Hoffman,NA,"University of California, Los Angeles",http://ucla.edu,ucla.edu,University of Pennsylvania,http://upenn.edu,upenn.edu
71,David,Hoffman,NA,Temple University,http://temple.edu,temple.edu,University of Pennsylvania,http://upenn.edu,upenn.edu
72,Ryan,Holte,NA,Southern Illinois University,http://siu.edu,siu.edu,University of Akron,https://www.uakron.edu/,uakron.edu
73,Herbert,Hovenkamp,NA,University of Iowa,https://uiowa.edu/,uiowa.edu,University of Pennsylvania,http://upenn.edu,upenn.edu
74,Blake,Hudson,NA,Louisiana State University,http://lsu.edu,lsu.edu,University of Houston,www.uh.edu/,uh.edu
75,Lolita Buckner,Inniss,NA,Cleveland-Marshall College of Law,https://www.law.csuohio.edu/,law.csuohio.edu,Southern Methodist University,http://smu.edu,smu.edu
76,Orin,Kerr,NA,George Washington University,https://www.gwu.edu/,gwu.edu,University of Southern California,http://usc.edu,usc.edu
77,Kurt,Lash,NA,University of Illinois,http://illinois.edu,illinois.edu,University of Richmond,http://richmond.edu,richmond.edu
78,Yoon-Ho Alex,Lee,NA,University of Southern California,http://usc.edu,usc.edu,Northwestern University,http://northwestern.edu,northwestern.edu
79,Dayna,Matthew,NA,"University of Colorado, Boulder",http://colorado.edu,colorado.edu,University of Virginia,http://virginia.edu,virginia.edu
80,Pamela,Metzger,NA,Tulane University,http://tulane.edu,tulane.edu,Southern Methodist University,http://smu.edu,smu.edu
81,Paul,Miller,NA,McGill University,https://www.mcgill.ca/,mcgill.ca,University of Notre Dame,http://nd.edu,nd.edu
82,Nicholas A.,Mirkay,NA,Creighton University,http://creighton.edu,creighton.edu,University of Hawaii,https://wustl.edu/,wustl.edu
83,Samuel,Moyn,NA,Harvard University,http://harvard.edu,harvard.edu,Yale University,http://yale.edu,yale.edu
84,Alexandra,Natapoff,NA,"Loyola Law School, Los Angeles",https://www.lls.edu/,lls.edu,"University of California, Irvine",http://uci.edu,uci.edu
85,Douglas,NeJaime,NA,"University of California, Los Angeles",http://ucla.edu,ucla.edu,Yale University,http://yale.edu,yale.edu
86,Shu-Yi,Oei,NA,Tulane University,http://tulane.edu,tulane.edu,Boston College,http://bc.edu,bc.edu
87,Ruth,Okediji,NA,University of Minnesota,http://umn.edu,umn.edu,Harvard University,http://harvard.edu,harvard.edu
88,David,Orentlicher,NA,"Indiana University, Indianapolis",https://www.iupui.edu/,iupui.edu,"University of Nevada, Las Vegas",http://unlv.edu,unlv.edu
89,Frank,Partnoy,NA,University of San Diego,http://sandiego.edu,sandiego.edu,"University of California, Berkeley",https://www.berkeley.edu/,berkeley.edu
90,Alice,Ristroph,NA,Seton Hall University,http://shu.edu,shu.edu,Brooklyn Law School,http://northwestern.edu,northwestern.edu
91,Victoria,Sahani,NA,Washington & Lee University,https://www.wlu.edu/,wlu.edu,Arizona State University,http://asu.edu,asu.edu
92,Michael,Simkovic,NA,Seton Hall University,http://shu.edu,shu.edu,University of Southern California,http://usc.edu,usc.edu
93,Brad,Snyder,NA,"University of Wisconsin, Madison",https://www.wisc.edu/,wisc.edu,Georgetown University,http://georgetown.edu,georgetown.edu
94,Kim,Talus,NA,Universities of Helsinki & Eastern Finland,www.uef.fi/en/etusivu,uef.fi/en/etusivu.edu,Tulane University,http://tulane.edu,tulane.edu
95,Franita,Tolson,NA,Florida State University,http://fsu.edu,fsu.edu,University of Southern California,http://usc.edu,usc.edu
96,Rebecca,Tushnet,NA,Georgetown University,http://georgetown.edu,georgetown.edu,Harvard University,http://harvard.edu,harvard.edu
97,Ryan,Vacca,NA,University of Akron,https://www.uakron.edu/,uakron.edu,University of New Hampshire,http://unh.edu,unh.edu
98,Urska,Velikonja,NA,Emory University,http://emory.edu,emory.edu,Georgetown University,http://georgetown.edu,georgetown.edu
99,Rose Cuison,Villazor,NA,"University of California, Davis",http://ucdavis.edu,ucdavis.edu,Rutgers University,http://rutgers.edu,rutgers.edu
100,Nancy,Welsh,NA,Pennsylvania State University Dickinson School of Law (Carlysle),https://dickinsonlaw.psu.edu/,dickinsonlaw.psu.edu,Texas A&M University,http://tamu.edu,tamu.edu
101,Del,Wright,NA,Valparaiso University,http://valpo.edu,valpo.edu,"University of Missouri, Kansas City",http://umkc.edu,umkc.edu
102,Edward,Afield,NA,Ava Maria School of Law,https://www.avemarialaw.edu/,avemarialaw.edu,Georgia State University,http://gsu.edu,gsu.edu
103,Lisa,Alexander,NA,"University of Wisconsin, Madison",https://www.wisc.edu/,wisc.edu,Texas A&M University,http://tamu.edu,tamu.edu
104,RonNell Anderson,Jones,NA,Brigham Young University,http://byu.edu,byu.edu,University of Utah,http://utah.edu,utah.edu
105,Margo,Bagley,NA,University of Virginia,http://virginia.edu,virginia.edu,Emory University,http://emory.edu,emory.edu
106,Dale,Carpenter,NA,University of Minnesota,http://umn.edu,umn.edu,Southern Methodist University,http://smu.edu,smu.edu
107,David,Fagundes,NA,Southwestern Law School,https://www.swlaw.edu/,swlaw.edu,University of Houston,www.uh.edu/,uh.edu
108,Joshua,Fischman,NA,Northwestern University,http://northwestern.edu,northwestern.edu,University of Virginia,http://virginia.edu,virginia.edu
109,Michael,Frakes,NA,Northwestern University,http://northwestern.edu,northwestern.edu,Duke University,http://duke.edu,duke.edu
110,Susan,Franck,NA,Washington & Lee University,https://www.wlu.edu/,wlu.edu,American University,http://american.edu,american.edu
111,Shubha,Ghosh,NA,"University of Wisconsin, Madison",https://www.wisc.edu/,wisc.edu,Syracuse University,http://syr.edu,syr.edu
112,James,Grimmelman,NA,University of Maryland,http://umaryland.edu,umaryland.edu,Cornell University,http://cornell.edu,cornell.edu
113,Joanna,Grossman,NA,Hofstra University,http://hofstra.edu,hofstra.edu,Southern Methodist University,http://smu.edu,smu.edu
114,Grant,Hayden,NA,Hofstra University,http://hofstra.edu,hofstra.edu,Southern Methodist University,http://smu.edu,smu.edu
115,Andrew,Hessick,NA,University of Utah,http://utah.edu,utah.edu,"University of North Carolina, Chapel Hill",https://www.unc.edu/,unc.edu
116,Carissa Byrne,Hessick,NA,University of Utah,http://utah.edu,utah.edu,"University of North Carolina, Chapel Hill",https://www.unc.edu/,unc.edu
117,David,Hyman,NA,University of Illinois,http://illinois.edu,illinois.edu,Georgetown University,http://georgetown.edu,georgetown.edu
118,Janine,Kim,NA,Marquette University,http://marquette.edu,marquette.edu,Chapman University,http://chapman.edu,chapman.edu
119,Renee,Knake,NA,Michigan State University,http://msu.edu,msu.edu,University of Houston,www.uh.edu/,uh.edu
120,Sarah,Lawsky,NA,"University of California, Irvine",http://uci.edu,uci.edu,Northwestern University,http://northwestern.edu,northwestern.edu
121,Andrew,Lund,NA,Pace University,http://pace.edu,pace.edu,Villanova University,http://villanova.edu,villanova.edu
122,Fatma,Marouf,NA,"University of Nevada, Las Vegas",http://unlv.edu,unlv.edu,Texas A&M University,http://tamu.edu,tamu.edu
123,Thomas,Mitchell,NA,"University of Wisconsin, Madison",https://www.wisc.edu/,wisc.edu,Texas A&M University,http://tamu.edu,tamu.edu
124,Angela,Onwuachi-Willig,NA,University of Iowa,https://uiowa.edu/,uiowa.edu,"University of California, Berkeley",https://www.berkeley.edu/,berkeley.edu
125,Jordan,Paradise,NA,Seton Hall University,http://shu.edu,shu.edu,"Loyola University, Chicago",http://luc.edu,luc.edu
126,Gregg,Polsky,NA,"University of North Carolina, Chapel Hill",https://www.unc.edu/,unc.edu,University of Georgia,http://uga.edu,uga.edu
127,Edward B.,Rock,NA,University of Pennsylvania,http://upenn.edu,upenn.edu,New York University,http://nyu.edu,nyu.edu
128,Amy,Schmitz,NA,"University of Colorado, Boulder",http://colorado.edu,colorado.edu,"University of Missouri, Columbia",https://missouri.edu/,missouri.edu
129,Beth,Simmons,NA,Harvard University ,https://www.harvard.edu/,harvard.edu,University of Pennsylvania,http://upenn.edu,upenn.edu
130,Alex,Stein,NA,Cardozo Law School,https://cardozo.yu.edu/,cardozo.yu.edu,Brooklyn Law School,http://northwestern.edu,northwestern.edu
131,Elizabeth,Trujillo,NA,Suffolk University,http://suffolk.edu,suffolk.edu,Texas A&M University,http://tamu.edu,tamu.edu
132,Steve,Vladeck,NA,American University,http://american.edu,american.edu,"University of Texas, Austin",https://www.utexas.edu/,utexas.edu
133,Gina,Warren,NA,Texas A&M University,http://tamu.edu,tamu.edu,University of Houston,www.uh.edu/,uh.edu
134,Melissa,Wasserman,NA,University of Illinois,http://illinois.edu,illinois.edu,"University of Texas, Austin",https://www.utexas.edu/,utexas.edu
135,Ellen,Yaroshefsky,NA,Cardozo Law School,https://cardozo.yu.edu/,cardozo.yu.edu,Hofstra University,http://hofstra.edu,hofstra.edu
136,Owen,Anderson,NA,"University of Oklahoma, Norman",www.ou.edu/,ou.edu,"University of Texas, Austin",https://www.utexas.edu/,utexas.edu
137,Ann,Bartow,NA,Pace University,http://pace.edu,pace.edu,University of New Hampshire,http://unh.edu,unh.edu
138,Thomas,Brennan,NA,Northwestern University,http://northwestern.edu,northwestern.edu,Harvard University,http://harvard.edu,harvard.edu
139,Aaron,Bruhl,NA,University of Houston,www.uh.edu/,uh.edu,College of William & Mary,https://wustl.edu/,wustl.edu
140,Christopher,Buccafusco,NA,Chicago-Kent College of Law,www.uh.edu/,uh.edu,Cardozo Law School,https://cardozo.yu.edu/,cardozo.yu.edu
141,Irene,Calboli,NA,Marquette University,http://marquette.edu,marquette.edu,Texas A&M University,http://tamu.edu,tamu.edu
142,William,Dodge,NA,"University of California, Hastings",https://www.uchastings.edu/,uchastings.edu,"University of California, Davis",http://ucdavis.edu,ucdavis.edu
143,Susan,Fortney,NA,Hofstra University,http://hofstra.edu,hofstra.edu,Texas A&M University,http://tamu.edu,tamu.edu
144,Brian,Galle,NA,Boston College,http://bc.edu,bc.edu,Georgetown University,http://georgetown.edu,georgetown.edu
145,Nuno,Garoupa,NA,University of Illinois,http://illinois.edu,illinois.edu,Texas A&M University,http://tamu.edu,tamu.edu
146,C. Scott,Hemphill,NA,Columbia University,http://columbia.edu,columbia.edu,New York University,http://nyu.edu,nyu.edu
147,Robert,Jerry,NA,"University of Florida, Gainesville",www.ufl.edu/,ufl.edu,"University of Missouri, Columbia",https://missouri.edu/,missouri.edu
148,Sonia,Katyal,NA,Fordham University,http://fordham.edu,fordham.edu,"University of California, Berkeley",https://www.berkeley.edu/,berkeley.edu
149,Daniel,Katz,NA,Michigan State University,http://msu.edu,msu.edu,Chicago-Kent College of Law,www.uh.edu/,uh.edu
150,Charlotte,Ku,NA,University of Illinois,http://illinois.edu,illinois.edu,Texas A&M University,http://tamu.edu,tamu.edu
151,Erik,Luna,NA,Washington & Lee University,https://www.wlu.edu/,wlu.edu,Arizona State University,http://asu.edu,asu.edu
152,Glynn S.,Lunney,NA,Tulane University,http://tulane.edu,tulane.edu,Texas A&M University,http://tamu.edu,tamu.edu
153,Timothy,Lytton,NA,Albany Law School,https://www.albanylaw.edu/,albanylaw.edu,Georgia State University,http://gsu.edu,gsu.edu
154,Bruce,Markell,NA,Florida State University,http://fsu.edu,fsu.edu,Northwestern University,http://northwestern.edu,northwestern.edu
155,Andrei,Marmor,NA,University of Southern California,http://usc.edu,usc.edu,Cornell University,http://cornell.edu,cornell.edu
156,Ajay,Mehrotra,NA,"Indiana University, Bloomington",http://iub.edu,iub.edu,Northwestern University,http://northwestern.edu,northwestern.edu
157,Timothy,Meyer,NA,University of Georgia,http://uga.edu,uga.edu,Vanderbilt University,http://vanderbilt.edu,vanderbilt.edu
158,Douglas,NeJaime,NA,"University of California, Irvine",http://uci.edu,uci.edu,"University of California, Los Angeles",http://ucla.edu,ucla.edu
159,Paul,Ohm,NA,"University of Colorado, Boulder",http://colorado.edu,colorado.edu,Georgetown University,http://georgetown.edu,georgetown.edu
160,Dave,Owen,NA,University of Maine,http://umaine.edu,umaine.edu,"University of California, Hastings",https://www.uchastings.edu/,uchastings.edu
161,Mary-Rose,Papandrea,NA,Boston College,http://bc.edu,bc.edu,"University of North Carolina, Chapel Hill",https://www.unc.edu/,unc.edu
162,Dylan,Penningroth,NA,Northwestern University ,https://www.northwestern.edu/,northwestern.edu,"University of California, Berkeley",https://www.berkeley.edu/,berkeley.edu
163,Scott,Pryor,NA,Regent University,http://regent.edu,regent.edu,Campbell University,http://campbell.edu,campbell.edu
164,Srividhya,Ragavan,NA,"University of Oklahoma, Norman",www.ou.edu/,ou.edu,Texas A&M University,http://tamu.edu,tamu.edu
165,Erin,Ryan,NA,Lewis & Clark College,https://www.lclark.edu/,lclark.edu,Florida State University,http://fsu.edu,fsu.edu
166,James,Salzman,NA,Duke University,http://duke.edu,duke.edu,"University of California, Los Angeles",http://ucla.edu,ucla.edu
167,David,Schwartz,NA,Chicago-Kent College of Law,www.uh.edu/,uh.edu,Northwestern University,http://northwestern.edu,northwestern.edu
168,Jessica,Silbey,NA,Suffolk University,http://suffolk.edu,suffolk.edu,Northeastern University,http://northeastern.edu,northeastern.edu
169,Kenneth,Simons,NA,Boston University,http://bu.edu,bu.edu,"University of California, Irvine",http://uci.edu,uci.edu
170,Alan O.,Sykes,NA,New York University,http://nyu.edu,nyu.edu,Stanford University,http://stanford.edu,stanford.edu
171,Eric,Talley,NA,"University of California, Berkeley",https://www.berkeley.edu/,berkeley.edu,Columbia University,http://columbia.edu,columbia.edu
172,Steve,Vladeck,NA,American University,http://american.edu,american.edu,"University of Texas, Austin",https://www.utexas.edu/,utexas.edu
173,Peter,Yu,NA,Drake University,http://drake.edu,drake.edu,Texas A&M University,http://tamu.edu,tamu.edu
174,Kathryn,Zeiler,NA,Georgetown University,http://georgetown.edu,georgetown.edu,Boston University,http://bu.edu,bu.edu
175,Oren,Bar-Gill,NA,New York University,http://nyu.edu,nyu.edu,Harvard University,http://harvard.edu,harvard.edu
176,Mitchell N.,Berman,NA,"University of Texas, Austin",https://www.utexas.edu/,utexas.edu,University of Pennsylvania,http://upenn.edu,upenn.edu
177,William,Buzbee,NA,Emory University,http://emory.edu,emory.edu,Georgetown University,http://georgetown.edu,georgetown.edu
178,Jenny,Carroll,NA,Seton Hall University,http://shu.edu,shu.edu,University of Alabama,http://ua.edu,ua.edu
179,Stephen,Clowney,NA,University of Kentucky,www.uky.edu/,uky.edu,"University of Arkansas, Fayetteville",https://www.uark.edu/,uark.edu
180,Andrew,Coan,NA,"University of Wisconsin, Madison",https://www.wisc.edu/,wisc.edu,University of Arizona,http://arizona.edu,arizona.edu
181,Jorge,Contreras,NA,American University,http://american.edu,american.edu,University of Utah,http://utah.edu,utah.edu
182,Steven,Davidoff,NA,Ohio State University,http://osu.edu,osu.edu,"University of California, Berkeley",https://www.berkeley.edu/,berkeley.edu
183,Dhammika,Dharmapala,NA,University of Illinois,http://illinois.edu,illinois.edu,University of Chicago,http://uchicago.edu,uchicago.edu
184,Michael,Doran,NA,Georgetown University,http://georgetown.edu,georgetown.edu,University of Virginia,http://virginia.edu,virginia.edu
185,Justin,Driver,NA,"University of Texas, Austin",https://www.utexas.edu/,utexas.edu,University of Chicago,http://uchicago.edu,uchicago.edu
186,Lee,Epstein,NA,University of Southern California,http://usc.edu,usc.edu,"Washington University, St. Louis",https://wustl.edu/,wustl.edu
187,Kimberly,Ferzan,NA,"Rutgers University, Camden",https://www.camden.rutgers.edu/,camden.rutgers.edu,University of Virginia,http://virginia.edu,virginia.edu
188,Michele B.,Goodwin,NA,"University of Minnesota, Twin Cities",https://twin-cities.umn.edu/,twin-cities.umn.edu,"University of California, Irvine",http://uci.edu,uci.edu
189,Kaaryn,Gustafson,NA,University of Connecticut,http://uconn.edu,uconn.edu,"University of California, Irvine",http://uci.edu,uci.edu
190,Emily,Hammond,NA,Wake Forest University,http://wfu.edu,wfu.edu,George Washington University,https://www.gwu.edu/,gwu.edu
191,Bernard,Harcourt,NA,University of Chicago,http://uchicago.edu,uchicago.edu,Columbia University,http://columbia.edu,columbia.edu
192,David,Hasen,NA,Santa Clara University,http://scu.edu,scu.edu,"University of Colorado, Boulder",http://colorado.edu,colorado.edu
193,Michael,Hatfield,NA,Texas Tech University,http://ttu.edu,ttu.edu,"University of Washington, Seattle",https://www.washington.edu/,washington.edu
194,Christine,Hurt,NA,University of Illinois,http://illinois.edu,illinois.edu,Brigham Young University,http://byu.edu,byu.edu
195,Darian,Ibrahim,NA,"University of Wisconsin, Madison",https://www.wisc.edu/,wisc.edu,College of William & Mary,https://wustl.edu/,wustl.edu
196,Charles,Jalloh,NA,University of Pittsburgh,http://pitt.edu,pitt.edu,Florida International University,http://fiu.edu,fiu.edu
197,Cathleen,Kaveny,NA,University of Notre Dame,http://nd.edu,nd.edu,Boston College,http://bc.edu,bc.edu
198,Andrew,Kull,NA,Boston University,http://bu.edu,bu.edu,"University of Texas, Austin",https://www.utexas.edu/,utexas.edu
199,Amy,Landers,NA,"University of the Pacific, McGeorge School of Law",https://www.mcgeorge.edu/,mcgeorge.edu,Drexel University,http://drexel.edu,drexel.edu
200,Jacqueline,Lipton,NA,University of Houston,www.uh.edu/,uh.edu,University of Akron,https://www.uakron.edu/,uakron.edu
201,Robert,MacCoun,NA,"University of California, Berkeley",https://www.berkeley.edu/,berkeley.edu,Stanford University,http://stanford.edu,stanford.edu
202,Patricia,McCoy,NA,University of Connecticut,http://uconn.edu,uconn.edu,Boston College,http://bc.edu,bc.edu
203,Edward R.,Morrison,NA,University of Chicago,http://uchicago.edu,uchicago.edu,Columbia University,http://columbia.edu,columbia.edu
204,Samuel,Moyn,NA,Columbia University ,https://www.columbia.edu/,columbia.edu,Harvard University,http://harvard.edu,harvard.edu
205,Xuan-Thao,Nguyen,NA,Southern Methodist University,http://smu.edu,smu.edu,"Indiana University, Indianapolis",https://www.iupui.edu/,iupui.edu
206,Saule,Omarova,NA,"University of North Carolina, Chapel Hill",https://www.unc.edu/,unc.edu,Cornell University,http://cornell.edu,cornell.edu
207,Wendell,Pritchett,NA,"Rutgers University, Camden",https://www.camden.rutgers.edu/,camden.rutgers.edu,University of Pennsylvania,http://upenn.edu,upenn.edu
208,Intisar A.,Rabb,NA,New York University,http://nyu.edu,nyu.edu,Harvard University,http://harvard.edu,harvard.edu
209,Robert,Rhee,NA,University of Maryland,http://umaryland.edu,umaryland.edu,"University of Florida, Gainesville",www.ufl.edu/,ufl.edu
210,L. Song,Richardson,NA,University of Iowa,https://uiowa.edu/,uiowa.edu,"University of California, Irvine",http://uci.edu,uci.edu
211,Kalyani,Robbins,NA,University of Akron,https://www.uakron.edu/,uakron.edu,Florida International University,http://fiu.edu,fiu.edu
212,Troy,Rule,NA,University of Missouri,https://missouri.edu/,missouri.edu,Arizona State University,http://asu.edu,asu.edu
213,Gregory,Shaffer,NA,"University of Minnesota, Twin Cities",https://twin-cities.umn.edu/,twin-cities.umn.edu,"University of California, Irvine",http://uci.edu,uci.edu
214,David,Sklansky,NA,"University of California, Berkeley",https://www.berkeley.edu/,berkeley.edu,Stanford University,http://stanford.edu,stanford.edu
215,A. Benjamin,Spencer,NA,Washington & Lee University,https://www.wlu.edu/,wlu.edu,University of Virginia,http://virginia.edu,virginia.edu
216,Paul,Stancil,NA,University of Illinois,http://illinois.edu,illinois.edu,Brigham Young University,http://byu.edu,byu.edu
217,Adam,Steinman,NA,Seton Hall University,http://shu.edu,shu.edu,University of Alabama,http://ua.edu,ua.edu
218,Kristen,Stilt,NA,Northwestern University,http://northwestern.edu,northwestern.edu,Harvard University,http://harvard.edu,harvard.edu
219,David,Studdert,NA,University of Melbourne,https://www.unimelb.edu.au/,unimelb.edu,Stanford University,http://stanford.edu,stanford.edu
220,Eric,Talley,NA,"University of California, Berkeley",https://www.berkeley.edu/,berkeley.edu,Columbia University,http://columbia.edu,columbia.edu
221,Christopher,Tomlins,NA,"University of California, Irvine",http://uci.edu,uci.edu,"University of California, Berkeley",https://www.berkeley.edu/,berkeley.edu
222,Gerald,Torres,NA,"University of Texas, Austin",https://www.utexas.edu/,utexas.edu,Cornell University,http://cornell.edu,cornell.edu
223,Deborah,Tuerkheimer,NA,DePaul University,http://depaul.edu,depaul.edu,Northwestern University,http://northwestern.edu,northwestern.edu
224,Kenneth,Ayotte,NA,Northwestern University,http://northwestern.edu,northwestern.edu,"University of California, Berkeley",https://www.berkeley.edu/,berkeley.edu
225,Teri Dobbins,Baxter,NA,Saint Louis University,http://slu.edu,slu.edu,University of Tennessee,https://www.utk.edu/,utk.edu
226,Andrea K.,Bjorklund,NA,"University of California, Davis",http://ucdavis.edu,ucdavis.edu,McGill University,https://www.mcgill.ca/,mcgill.ca
227,Richard,Brooks,NA,Yale University,http://yale.edu,yale.edu,Columbia University,http://columbia.edu,columbia.edu
228,Karen,Burke,NA,University of San Diego,http://sandiego.edu,sandiego.edu,"University of Florida, Gainesville",www.ufl.edu/,ufl.edu
229,Lan,Cao,NA,College of William and Mary,http://sandiego.edu,sandiego.edu,Chapman University,http://chapman.edu,chapman.edu
230,June,Carbone,NA,"University of Missouri, Kansas City",http://umkc.edu,umkc.edu,"University of Minnesota, Minneapolis-St. Paul",https://twin-cities.umn.edu/,twin-cities.umn.edu
231,Paul,Caron,NA,University of Cincinnati,http://uc.edu,uc.edu,Pepperdine University,http://pepperdine.edu,pepperdine.edu
232,Jim,Chen,NA,University of Louisville,louisville.edu/,uc.edu,Michigan State University,http://msu.edu,msu.edu
233,Eric A.,Chiappinelli,NA,Creighton Universitiy,https://www.creighton.edu/,creighton.edu,Texas Tech University,http://ttu.edu,ttu.edu
234,Luis E.,Chiesa,NA,Pace University,http://pace.edu,pace.edu,"State University of New York, Buffalo",www.buffalo.edu/,buffalo.edu
235,Christine,Cimini,NA,University of Denver Sturm College of Law,https://www.law.du.edu/,law.du.edu,Vermont Law School,http://vermontlaw.edu,vermontlaw.edu
236,Evan,Criddle,NA,Syracuse University,http://syr.edu,syr.edu,College of William & Mary,https://wustl.edu/,wustl.edu
237,Jason,Czarnezki,NA,Vermont Law School,http://vermontlaw.edu,vermontlaw.edu,Pace University,http://pace.edu,pace.edu
238,Steven,Davidoff,NA,Ohio State University,http://osu.edu,osu.edu,"University of California, Berkeley",https://www.berkeley.edu/,berkeley.edu
239,Richard,Delgado,NA,Seattle University,http://seattleu.edu,seattleu.edu,University of Alabama,http://ua.edu,ua.edu
240,Miranda Perry,Fleischer,NA,"University of Colorado, Boulder",http://colorado.edu,colorado.edu,University of San Diego,http://sandiego.edu,sandiego.edu
241,Victor,Fleischer,NA,"University of Colorado, Boulder",http://colorado.edu,colorado.edu,University of San Diego,http://sandiego.edu,sandiego.edu
242,Jeanne,Fromer,NA,Fordham University,http://fordham.edu,fordham.edu,New York University,http://nyu.edu,nyu.edu
243,James,Grimmelman,NA,New York Law School,http://fordham.edu,fordham.edu,University of Maryland,http://umaryland.edu,umaryland.edu
244,Lenese,Herbert,NA,Albany Law School,https://www.albanylaw.edu/,albanylaw.edu,Howard University,http://howard.edu,howard.edu
245,Julie Anderson,Hill,NA,University of Houston,www.uh.edu/,uh.edu,University of Alabama,http://ua.edu,ua.edu
246,Adam,Hirsch,NA,Florida State University,http://fsu.edu,fsu.edu,University of San Diego,http://sandiego.edu,sandiego.edu
247,Darren,Hutchinson,NA,American University,http://american.edu,american.edu,"University of Florida, Gainesville",www.ufl.edu/,ufl.edu
248,Lucy,Jewel,NA,John Marshall Law School (Atlanta) ,http://american.edu,american.edu,University of Tennessee,https://www.utk.edu/,utk.edu
249,Emily,Kadens,NA,"University of Texas, Austin",https://www.utexas.edu/,utexas.edu,Northwestern University,http://northwestern.edu,northwestern.edu
250,Alberto,Lopez,NA,University of Richmond,http://richmond.edu,richmond.edu,University of Alabama,http://ua.edu,ua.edu
251,Ruth,Mason,NA,University of Connecticut,http://uconn.edu,uconn.edu,University of Virginia,http://virginia.edu,virginia.edu
252,Lesley,McAllister,NA,University of San Diego,http://sandiego.edu,sandiego.edu,"University of California, Davis",http://ucdavis.edu,ucdavis.edu
253,Grayson,McCouch,NA,University of San Diego,http://sandiego.edu,sandiego.edu,"University of Florida, Gainesville",www.ufl.edu/,ufl.edu
254,Mathew,McCubbins,NA,University of Southern California,http://usc.edu,usc.edu,Duke University,http://duke.edu,duke.edu
255,Bernadette,Meyler,NA,Cornell University,http://cornell.edu,cornell.edu,Stanford University,http://stanford.edu,stanford.edu
256,Darrell,Miller,NA,University of Cincinnati,http://uc.edu,uc.edu,Duke University,http://duke.edu,duke.edu
257,Susan,Morse,NA,"University of California, Hastings",https://www.uchastings.edu/,uchastings.edu,"University of Texas, Austin",https://www.utexas.edu/,utexas.edu
258,Douglas,NeJaime,NA,"Loyola Law School, Los Angeles",https://www.lls.edu/,lls.edu,"University of California, Irvine",http://uci.edu,uci.edu
259,James,Park,NA,Brooklyn Law School,http://northwestern.edu,northwestern.edu,"University of California, Los Angeles",http://ucla.edu,ucla.edu
260,Frank,Pasquale,NA,Seton Hall University,http://shu.edu,shu.edu,University of Maryland,http://umaryland.edu,umaryland.edu
261,Eduardo,Penalver,NA,Cornell University,http://cornell.edu,cornell.edu,University of Chicago,http://uchicago.edu,uchicago.edu
262,Nathaniel,Persily,NA,Columbia University,http://columbia.edu,columbia.edu,Stanford University,http://stanford.edu,stanford.edu
263,Ellen Smith,Pryor,NA,Southern Methodist University,http://smu.edu,smu.edu,University of North Texas,http://unt.edu,unt.edu
264,Cristina,Rodriguez,NA,New York University,http://nyu.edu,nyu.edu,Yale University,http://yale.edu,yale.edu
265,Benjamin,van Rooij,NA,University of Amsterdam,https://www.uva.nl/en,uva.nl/en.edu,"University of California, Irvine",http://uci.edu,uci.edu
266,Christopher,Serkin,NA,Brooklyn Law School,http://northwestern.edu,northwestern.edu,Vanderbilt University,http://vanderbilt.edu,vanderbilt.edu
267,Darien,Shanske,NA,"University of California, Hastings",https://www.uchastings.edu/,uchastings.edu,"University of California, Davis",http://ucdavis.edu,ucdavis.edu
268,Matthew,Spitzer,NA,"University of Texas, Austin",https://www.utexas.edu/,utexas.edu,Northwestern University,http://northwestern.edu,northwestern.edu
269,Christopher,Sprigman,NA,University of Virginia,http://virginia.edu,virginia.edu,New York University,http://nyu.edu,nyu.edu
270,Jean,Stefancic,NA,Seattle University,http://seattleu.edu,seattleu.edu,University of Alabama,http://ua.edu,ua.edu
271,Peter,Swire,NA,Ohio State University,http://osu.edu,osu.edu,Georgia Institute of Technology,http://gatech.edu,gatech.edu
272,Robin Fretwell,Wilson,NA,Washington & Lee University,https://www.wlu.edu/,wlu.edu,University of Illinois,http://illinois.edu,illinois.edu
273,Matthew,Adler,NA,University of Pennsylvania,http://upenn.edu,upenn.edu,Duke University,http://duke.edu,duke.edu
274,Karima,Bennoune,NA,Rutgers University at Newark,https://www.newark.rutgers.edu/,newark.rutgers.edu,"University of California, Davis",http://ucdavis.edu,ucdavis.edu
275,Anu,Bradford,NA,University of Chicago,http://uchicago.edu,uchicago.edu,Columbia University,http://columbia.edu,columbia.edu
276,Charles,Brower,NA,University of Mississippi,https://olemiss.edu/,olemiss.edu,Wayne State University,https://wayne.edu/,wayne.edu
277,Tomiko,Brown-Nagin,NA,University of Virginia,http://virginia.edu,virginia.edu,Harvard University,http://harvard.edu,harvard.edu
278,Paul,Butler,NA,George Washington University,https://www.gwu.edu/,gwu.edu,Georgetown University,http://georgetown.edu,georgetown.edu
279,Allison,Christians,NA,University of Wisconsin at Madison,https://www.wisc.edu/,wisc.edu,McGill University,https://www.mcgill.ca/,mcgill.ca
280,Barry,Cushman,NA,University of Virginia,http://virginia.edu,virginia.edu,University of Notre Dame,http://nd.edu,nd.edu
281,Scott,Dodson,NA,College of William & Mary,https://wustl.edu/,wustl.edu,"University of California, Hastings",https://www.uchastings.edu/,uchastings.edu
282,Mary,Dudziak,NA,University of Southern California,http://usc.edu,usc.edu,Emory University,http://emory.edu,emory.edu
283,Nita,Farahany,NA,Vanderbilt University,http://vanderbilt.edu,vanderbilt.edu,Duke University,http://duke.edu,duke.edu
284,Bryant,Garth,NA,Southwestern Law School,https://www.swlaw.edu/,swlaw.edu,"University of California, Irvine",http://uci.edu,uci.edu
285,James,Gathii,NA,Albany Law School,https://www.albanylaw.edu/,albanylaw.edu,"Loyola University, Chicago",http://luc.edu,luc.edu
286,Adam,Gershowitz,NA,University of Houston,www.uh.edu/,uh.edu,College of William & Mary,https://wustl.edu/,wustl.edu
287,Leslie,Griffin,NA,University of Houston,www.uh.edu/,uh.edu,"University of Nevada, Las Vegas",http://unlv.edu,unlv.edu
288,Deborah,Hellman,NA,University of Maryland,http://umaryland.edu,umaryland.edu,University of Virginia,http://virginia.edu,virginia.edu
289,Jennifer,Hendricks,NA,University of Tennessee,https://www.utk.edu/,utk.edu,"University of Colorado, Boulder",http://colorado.edu,colorado.edu
290,Jill,Horwitz,NA,University of Michigan,http://umich.edu,umich.edu,"University of California, Los Angeles",http://ucla.edu,ucla.edu
291,Shi-Ling,Hsu,NA,University of British Columbia,https://www.ubc.ca/,ubc.ca,Florida State University,http://fsu.edu,fsu.edu
292,Jody,Kraus,NA,University of Pennsylvania,http://upenn.edu,upenn.edu,Columbia University,http://columbia.edu,columbia.edu
293,Francine,Lipman,NA,Chapman University,http://chapman.edu,chapman.edu,"University of Nevada, Las Vegas",http://unlv.edu,unlv.edu
294,Jonathan,Lipson,NA,"University of Wisconsin, Madison",https://www.wisc.edu/,wisc.edu,Temple University,http://temple.edu,temple.edu
295,Jacqueline,Lipton,NA,Case Western Reserve University,http://case.edu,case.edu,University of Houston,www.uh.edu/,uh.edu
296,Thomas,Main,NA,"McGeorge School of Law, University of the Pacific",https://www.mcgeorge.edu/,mcgeorge.edu,"University of Nevada, Las Vegas",http://unlv.edu,unlv.edu
297,Calvin,Massey,NA,"University of California, Hastings",https://www.uchastings.edu/,uchastings.edu,University of New Hampshire,http://unh.edu,unh.edu
298,Jason,Mazzone,NA,Brooklyn Law School,http://northwestern.edu,northwestern.edu,University of Illinois,http://illinois.edu,illinois.edu
299,Robert,Miller,NA,Villanova University,http://villanova.edu,villanova.edu,University of Iowa,https://uiowa.edu/,uiowa.edu
300,Edward R.,Morrison,NA,Columbia University,http://columbia.edu,columbia.edu,University of Chicago,http://uchicago.edu,uchicago.edu
301,Victoria,Nourse,NA,"University of Wisconsin, Madison",https://www.wisc.edu/,wisc.edu,Georgetown University,http://georgetown.edu,georgetown.edu
302,Rafael,Pardo,NA,University of Washington at Seattle,https://www.washington.edu/,washington.edu,Emory University,http://emory.edu,emory.edu
303,Edward,Parson,NA,University of Michigan,http://umich.edu,umich.edu,"University of California, Los Angeles",http://ucla.edu,ucla.edu
304,H. Jefferson,Powell,NA,George Washington University,https://www.gwu.edu/,gwu.edu,Duke University,http://duke.edu,duke.edu
305,Dana A.,Remus,NA,University of New Hampshire,http://unh.edu,unh.edu,Drexel University,http://drexel.edu,drexel.edu
306,L. Song,Richardson,NA,American University,http://american.edu,american.edu,University of Iowa,https://uiowa.edu/,uiowa.edu
307,Dorothy,Roberts,NA,Northwestern University,http://northwestern.edu,northwestern.edu,University of Pennsylvania,http://upenn.edu,upenn.edu
308,Jim,Rossi,NA,Florida State University,http://fsu.edu,fsu.edu,Vanderbilt University,http://vanderbilt.edu,vanderbilt.edu
309,Adam,Samaha,NA,University of Chicago,http://uchicago.edu,uchicago.edu,New York University,http://nyu.edu,nyu.edu
310,Lynn,Stout,NA,University of California at Los Angeles,www.ucla.edu/,ucla.edu,Cornell University,http://cornell.edu,cornell.edu
311,Alan,Sykes,NA,Stanford University,http://stanford.edu,stanford.edu,New York University,http://nyu.edu,nyu.edu
312,Andrew,Taslitz,NA,Howard University,http://howard.edu,howard.edu,American University,http://american.edu,american.edu
313,Amanda,Tyler,NA,George Washington University,https://www.gwu.edu/,gwu.edu,"University of California, Berkeley",https://www.berkeley.edu/,berkeley.edu
314,Katharine,Van Tassel,NA,St. Thomas University (Florida) ,https://www.stu.edu/,stu.edu,University of Akron,https://www.uakron.edu/,uakron.edu
315,Gideon,Yaffe,NA,University of Southern California,http://usc.edu,usc.edu,Yale University,http://yale.edu,yale.edu
